"Step","R-456 - train/l1_loss","R-456 - train/l1_loss__MIN","R-456 - train/l1_loss__MAX","D-56-1e5 - train/l1_loss","D-56-1e5 - train/l1_loss__MIN","D-56-1e5 - train/l1_loss__MAX","resnet_open_tv_6cams - train/l1_loss","resnet_open_tv_6cams - train/l1_loss__MIN","resnet_open_tv_6cams - train/l1_loss__MAX","dino_active_5e5 - train/l1_loss","dino_active_5e5 - train/l1_loss__MIN","dino_active_5e5 - train/l1_loss__MAX","dino_active_reg - train/l1_loss","dino_active_reg - train/l1_loss__MIN","dino_active_reg - train/l1_loss__MAX","R-56 - train/l1_loss","R-56 - train/l1_loss__MIN","R-56 - train/l1_loss__MAX","R-56-P - train/l1_loss","R-56-P - train/l1_loss__MIN","R-56-P - train/l1_loss__MAX","resnet_open_tv_5cams - train/l1_loss","resnet_open_tv_5cams - train/l1_loss__MIN","resnet_open_tv_5cams - train/l1_loss__MAX","dino_open_tv_reg - train/l1_loss","dino_open_tv_reg - train/l1_loss__MIN","dino_open_tv_reg - train/l1_loss__MAX","dino_open_tv_5e5 - train/l1_loss","dino_open_tv_5e5 - train/l1_loss__MIN","dino_open_tv_5e5 - train/l1_loss__MAX"
"1000","0.2380937933921814","0.2380937933921814","0.2380937933921814","0.3971610963344574","0.3971610963344574","0.3971610963344574","0.23116415739059448","0.23116415739059448","0.23116415739059448","0.3236929774284363","0.3236929774284363","0.3236929774284363","0.26027828454971313","0.26027828454971313","0.26027828454971313","0.261018842458725","0.261018842458725","0.261018842458725","0.1843879222869873","0.1843879222869873","0.1843879222869873","0.2152758538722992","0.2152758538722992","0.2152758538722992","0.7731439471244812","0.7731439471244812","0.7731439471244812","0.6376123428344727","0.6376123428344727","0.6376123428344727"
"2000","0.1923636645078659","0.1923636645078659","0.1923636645078659","0.2976211607456207","0.2976211607456207","0.2976211607456207","0.21433547139167786","0.21433547139167786","0.21433547139167786","0.317348837852478","0.317348837852478","0.317348837852478","0.3098866641521454","0.3098866641521454","0.3098866641521454","0.1611233800649643","0.1611233800649643","0.1611233800649643","0.1434037983417511","0.1434037983417511","0.1434037983417511","0.17044822871685028","0.17044822871685028","0.17044822871685028","0.5371969938278198","0.5371969938278198","0.5371969938278198","0.29336637258529663","0.29336637258529663","0.29336637258529663"
"3000","0.14050009846687317","0.14050009846687317","0.14050009846687317","0.27279290556907654","0.27279290556907654","0.27279290556907654","0.17275266349315643","0.17275266349315643","0.17275266349315643","0.20605488121509552","0.20605488121509552","0.20605488121509552","0.2479589432477951","0.2479589432477951","0.2479589432477951","0.14083914458751678","0.14083914458751678","0.14083914458751678","0.11801081895828247","0.11801081895828247","0.11801081895828247","0.14071184396743774","0.14071184396743774","0.14071184396743774","0.6079142689704895","0.6079142689704895","0.6079142689704895","0.3084036707878113","0.3084036707878113","0.3084036707878113"
"4000","0.1243119090795517","0.1243119090795517","0.1243119090795517","0.21592703461647034","0.21592703461647034","0.21592703461647034","0.1404741406440735","0.1404741406440735","0.1404741406440735","0.2713330090045929","0.2713330090045929","0.2713330090045929","0.2157222479581833","0.2157222479581833","0.2157222479581833","0.12415144592523575","0.12415144592523575","0.12415144592523575","0.1073596328496933","0.1073596328496933","0.1073596328496933","0.1256672888994217","0.1256672888994217","0.1256672888994217","0.6857882738113403","0.6857882738113403","0.6857882738113403","0.3792095482349396","0.3792095482349396","0.3792095482349396"
"5000","0.11749251931905746","0.11749251931905746","0.11749251931905746","0.22879871726036072","0.22879871726036072","0.22879871726036072","0.12321595102548599","0.12321595102548599","0.12321595102548599","0.18623052537441254","0.18623052537441254","0.18623052537441254","0.18674272298812866","0.18674272298812866","0.18674272298812866","0.11381015926599503","0.11381015926599503","0.11381015926599503","0.11312306672334671","0.11312306672334671","0.11312306672334671","0.11482905596494675","0.11482905596494675","0.11482905596494675","0.39650365710258484","0.39650365710258484","0.39650365710258484","0.2971530556678772","0.2971530556678772","0.2971530556678772"
"6000","0.11093654483556747","0.11093654483556747","0.11093654483556747","0.17119130492210388","0.17119130492210388","0.17119130492210388","0.12826786935329437","0.12826786935329437","0.12826786935329437","0.25205302238464355","0.25205302238464355","0.25205302238464355","0.3043697774410248","0.3043697774410248","0.3043697774410248","0.09557420015335083","0.09557420015335083","0.09557420015335083","0.10273990780115128","0.10273990780115128","0.10273990780115128","0.1123395711183548","0.1123395711183548","0.1123395711183548","0.39768046140670776","0.39768046140670776","0.39768046140670776","0.18277360498905182","0.18277360498905182","0.18277360498905182"
"7000","0.08960197120904922","0.08960197120904922","0.08960197120904922","0.20943939685821533","0.20943939685821533","0.20943939685821533","0.10504765063524246","0.10504765063524246","0.10504765063524246","0.21547584235668182","0.21547584235668182","0.21547584235668182","0.1994429975748062","0.1994429975748062","0.1994429975748062","0.09198883920907974","0.09198883920907974","0.09198883920907974","0.08918928354978561","0.08918928354978561","0.08918928354978561","0.10284263640642166","0.10284263640642166","0.10284263640642166","0.2198510468006134","0.2198510468006134","0.2198510468006134","0.15335358679294586","0.15335358679294586","0.15335358679294586"
"8000","0.08790010958909988","0.08790010958909988","0.08790010958909988","0.19687046110630035","0.19687046110630035","0.19687046110630035","0.10363534092903137","0.10363534092903137","0.10363534092903137","0.28521522879600525","0.28521522879600525","0.28521522879600525","0.20636135339736938","0.20636135339736938","0.20636135339736938","0.07904110848903656","0.07904110848903656","0.07904110848903656","0.09378916770219803","0.09378916770219803","0.09378916770219803","0.08592427521944046","0.08592427521944046","0.08592427521944046","0.2854224443435669","0.2854224443435669","0.2854224443435669","0.27275350689888","0.27275350689888","0.27275350689888"
"9000","0.08329635113477707","0.08329635113477707","0.08329635113477707","0.14521858096122742","0.14521858096122742","0.14521858096122742","0.10563748329877853","0.10563748329877853","0.10563748329877853","0.1935201734304428","0.1935201734304428","0.1935201734304428","0.1781238317489624","0.1781238317489624","0.1781238317489624","0.08451087027788162","0.08451087027788162","0.08451087027788162","0.22024746239185333","0.22024746239185333","0.22024746239185333","0.09436342865228653","0.09436342865228653","0.09436342865228653","0.24969713389873505","0.24969713389873505","0.24969713389873505","0.45390355587005615","0.45390355587005615","0.45390355587005615"
"10000","0.08455585688352585","0.08455585688352585","0.08455585688352585","0.15994387865066528","0.15994387865066528","0.15994387865066528","0.10148625820875168","0.10148625820875168","0.10148625820875168","0.17954301834106445","0.17954301834106445","0.17954301834106445","0.19706255197525024","0.19706255197525024","0.19706255197525024","0.08873870223760605","0.08873870223760605","0.08873870223760605","0.0741736888885498","0.0741736888885498","0.0741736888885498","0.08403754234313965","0.08403754234313965","0.08403754234313965","0.20899109542369843","0.20899109542369843","0.20899109542369843","0.1760149449110031","0.1760149449110031","0.1760149449110031"
"11000","0.07889176160097122","0.07889176160097122","0.07889176160097122","0.155230313539505","0.155230313539505","0.155230313539505","0.08494919538497925","0.08494919538497925","0.08494919538497925","0.18338246643543243","0.18338246643543243","0.18338246643543243","0.20245428383350372","0.20245428383350372","0.20245428383350372","0.07316823303699493","0.07316823303699493","0.07316823303699493","0.07423564046621323","0.07423564046621323","0.07423564046621323","0.14764532446861267","0.14764532446861267","0.14764532446861267","0.18532370030879974","0.18532370030879974","0.18532370030879974","0.16872842609882355","0.16872842609882355","0.16872842609882355"
"12000","0.08447722345590591","0.08447722345590591","0.08447722345590591","0.1357039362192154","0.1357039362192154","0.1357039362192154","0.08362194150686264","0.08362194150686264","0.08362194150686264","0.16590271890163422","0.16590271890163422","0.16590271890163422","0.1821890026330948","0.1821890026330948","0.1821890026330948","0.07542479038238525","0.07542479038238525","0.07542479038238525","0.08755417168140411","0.08755417168140411","0.08755417168140411","0.08035993576049805","0.08035993576049805","0.08035993576049805","0.17762449383735657","0.17762449383735657","0.17762449383735657","0.2342519909143448","0.2342519909143448","0.2342519909143448"
"13000","0.07281705737113953","0.07281705737113953","0.07281705737113953","0.11886478960514069","0.11886478960514069","0.11886478960514069","0.08552698791027069","0.08552698791027069","0.08552698791027069","0.2539910078048706","0.2539910078048706","0.2539910078048706","0.2130066603422165","0.2130066603422165","0.2130066603422165","0.0725354328751564","0.0725354328751564","0.0725354328751564","0.06988105177879333","0.06988105177879333","0.06988105177879333","0.07342708110809326","0.07342708110809326","0.07342708110809326","0.3079802095890045","0.3079802095890045","0.3079802095890045","0.23179705440998077","0.23179705440998077","0.23179705440998077"
"14000","0.07562796026468277","0.07562796026468277","0.07562796026468277","0.18680982291698456","0.18680982291698456","0.18680982291698456","0.08312457799911499","0.08312457799911499","0.08312457799911499","0.20043158531188965","0.20043158531188965","0.20043158531188965","0.24875833094120026","0.24875833094120026","0.24875833094120026","0.06269633769989014","0.06269633769989014","0.06269633769989014","0.05565718933939934","0.05565718933939934","0.05565718933939934","0.06835565716028214","0.06835565716028214","0.06835565716028214","0.2650447189807892","0.2650447189807892","0.2650447189807892","0.18107764422893524","0.18107764422893524","0.18107764422893524"
"15000","0.06843391060829163","0.06843391060829163","0.06843391060829163","0.15948688983917236","0.15948688983917236","0.15948688983917236","0.0691273957490921","0.0691273957490921","0.0691273957490921","0.1654827892780304","0.1654827892780304","0.1654827892780304","0.14964403212070465","0.14964403212070465","0.14964403212070465","0.06263603270053864","0.06263603270053864","0.06263603270053864","0.06550738960504532","0.06550738960504532","0.06550738960504532","0.0741509199142456","0.0741509199142456","0.0741509199142456","0.2693652808666229","0.2693652808666229","0.2693652808666229","0.16079528629779816","0.16079528629779816","0.16079528629779816"
"16000","0.07906519621610641","0.07906519621610641","0.07906519621610641","0.13439147174358368","0.13439147174358368","0.13439147174358368","0.07851114869117737","0.07851114869117737","0.07851114869117737","0.14612773060798645","0.14612773060798645","0.14612773060798645","0.18616117537021637","0.18616117537021637","0.18616117537021637","0.060668863356113434","0.060668863356113434","0.060668863356113434","0.0689508244395256","0.0689508244395256","0.0689508244395256","0.0716920718550682","0.0716920718550682","0.0716920718550682","0.24166707694530487","0.24166707694530487","0.24166707694530487","0.1908068060874939","0.1908068060874939","0.1908068060874939"
"17000","0.06111247465014458","0.06111247465014458","0.06111247465014458","0.12270177155733109","0.12270177155733109","0.12270177155733109","0.07076003402471542","0.07076003402471542","0.07076003402471542","0.20486000180244446","0.20486000180244446","0.20486000180244446","0.15775902569293976","0.15775902569293976","0.15775902569293976","0.06104498356580734","0.06104498356580734","0.06104498356580734","0.06414774060249329","0.06414774060249329","0.06414774060249329","0.05771954730153084","0.05771954730153084","0.05771954730153084","0.28125694394111633","0.28125694394111633","0.28125694394111633","0.17934229969978333","0.17934229969978333","0.17934229969978333"
"18000","0.05902361869812012","0.05902361869812012","0.05902361869812012","0.10583306103944778","0.10583306103944778","0.10583306103944778","0.07125455886125565","0.07125455886125565","0.07125455886125565","0.18462897837162018","0.18462897837162018","0.18462897837162018","0.1311110258102417","0.1311110258102417","0.1311110258102417","0.06728468835353851","0.06728468835353851","0.06728468835353851","0.07239682972431183","0.07239682972431183","0.07239682972431183","0.0652555599808693","0.0652555599808693","0.0652555599808693","0.21722449362277985","0.21722449362277985","0.21722449362277985","0.2625090181827545","0.2625090181827545","0.2625090181827545"
"19000","0.06630650907754898","0.06630650907754898","0.06630650907754898","0.11636778712272644","0.11636778712272644","0.11636778712272644","0.09349874407052994","0.09349874407052994","0.09349874407052994","0.1333385407924652","0.1333385407924652","0.1333385407924652","0.2812502682209015","0.2812502682209015","0.2812502682209015","0.053147222846746445","0.053147222846746445","0.053147222846746445","0.056963756680488586","0.056963756680488586","0.056963756680488586","0.06390239298343658","0.06390239298343658","0.06390239298343658","0.23336446285247803","0.23336446285247803","0.23336446285247803","0.2229180634021759","0.2229180634021759","0.2229180634021759"
"20000","0.059863265603780746","0.059863265603780746","0.059863265603780746","0.11627164483070374","0.11627164483070374","0.11627164483070374","0.05899548903107643","0.05899548903107643","0.05899548903107643","0.15103159844875336","0.15103159844875336","0.15103159844875336","0.17097140848636627","0.17097140848636627","0.17097140848636627","0.05532063916325569","0.05532063916325569","0.05532063916325569","0.058740802109241486","0.058740802109241486","0.058740802109241486","0.0649542436003685","0.0649542436003685","0.0649542436003685","0.15903589129447937","0.15903589129447937","0.15903589129447937","0.17270074784755707","0.17270074784755707","0.17270074784755707"
"21000","0.05450861528515816","0.05450861528515816","0.05450861528515816","0.10906555503606796","0.10906555503606796","0.10906555503606796","0.0761878713965416","0.0761878713965416","0.0761878713965416","0.1967163234949112","0.1967163234949112","0.1967163234949112","0.11326339840888977","0.11326339840888977","0.11326339840888977","0.05645190179347992","0.05645190179347992","0.05645190179347992","0.055003002285957336","0.055003002285957336","0.055003002285957336","0.05162108317017555","0.05162108317017555","0.05162108317017555","0.1855052411556244","0.1855052411556244","0.1855052411556244","0.18947169184684753","0.18947169184684753","0.18947169184684753"
"22000","0.06129182502627373","0.06129182502627373","0.06129182502627373","0.0911802276968956","0.0911802276968956","0.0911802276968956","0.06409130245447159","0.06409130245447159","0.06409130245447159","0.1814143806695938","0.1814143806695938","0.1814143806695938","0.113910973072052","0.113910973072052","0.113910973072052","0.056316692382097244","0.056316692382097244","0.056316692382097244","0.04718451574444771","0.04718451574444771","0.04718451574444771","0.05163506790995598","0.05163506790995598","0.05163506790995598","0.34442567825317383","0.34442567825317383","0.34442567825317383","0.2230486422777176","0.2230486422777176","0.2230486422777176"
"23000","0.050416696816682816","0.050416696816682816","0.050416696816682816","0.11432348936796188","0.11432348936796188","0.11432348936796188","0.05892729386687279","0.05892729386687279","0.05892729386687279","0.1317482441663742","0.1317482441663742","0.1317482441663742","0.18653224408626556","0.18653224408626556","0.18653224408626556","0.05847707390785217","0.05847707390785217","0.05847707390785217","0.056163541972637177","0.056163541972637177","0.056163541972637177","0.06234695017337799","0.06234695017337799","0.06234695017337799","0.29533183574676514","0.29533183574676514","0.29533183574676514","0.1781686246395111","0.1781686246395111","0.1781686246395111"
"24000","0.05896226316690445","0.05896226316690445","0.05896226316690445","0.0980234295129776","0.0980234295129776","0.0980234295129776","0.06523965299129486","0.06523965299129486","0.06523965299129486","0.19698160886764526","0.19698160886764526","0.19698160886764526","0.21649955213069916","0.21649955213069916","0.21649955213069916","0.056012846529483795","0.056012846529483795","0.056012846529483795","0.05455506592988968","0.05455506592988968","0.05455506592988968","0.054626889526844025","0.054626889526844025","0.054626889526844025","0.1576562225818634","0.1576562225818634","0.1576562225818634","0.1957109570503235","0.1957109570503235","0.1957109570503235"
"25000","0.04426245763897896","0.04426245763897896","0.04426245763897896","0.11523473262786865","0.11523473262786865","0.11523473262786865","0.08991788327693939","0.08991788327693939","0.08991788327693939","0.1273779571056366","0.1273779571056366","0.1273779571056366","0.14294779300689697","0.14294779300689697","0.14294779300689697","0.053682878613471985","0.053682878613471985","0.053682878613471985","0.05697721987962723","0.05697721987962723","0.05697721987962723","0.05832419916987419","0.05832419916987419","0.05832419916987419","0.17576846480369568","0.17576846480369568","0.17576846480369568","0.2759820222854614","0.2759820222854614","0.2759820222854614"
"26000","0.04797985404729843","0.04797985404729843","0.04797985404729843","0.0852140411734581","0.0852140411734581","0.0852140411734581","0.05030060559511185","0.05030060559511185","0.05030060559511185","0.14458946883678436","0.14458946883678436","0.14458946883678436","0.13011381030082703","0.13011381030082703","0.13011381030082703","0.04942157864570618","0.04942157864570618","0.04942157864570618","0.055597078055143356","0.055597078055143356","0.055597078055143356","0.06528544425964355","0.06528544425964355","0.06528544425964355","0.18520569801330566","0.18520569801330566","0.18520569801330566","0.22086837887763977","0.22086837887763977","0.22086837887763977"
"27000","0.05517086759209633","0.05517086759209633","0.05517086759209633","0.09603476524353027","0.09603476524353027","0.09603476524353027","0.06783907115459442","0.06783907115459442","0.06783907115459442","0.16517186164855957","0.16517186164855957","0.16517186164855957","0.14695917069911957","0.14695917069911957","0.14695917069911957","0.05000058561563492","0.05000058561563492","0.05000058561563492","0.04413711652159691","0.04413711652159691","0.04413711652159691","0.051498278975486755","0.051498278975486755","0.051498278975486755","0.22472119331359863","0.22472119331359863","0.22472119331359863","0.14962559938430786","0.14962559938430786","0.14962559938430786"
"28000","0.052179571241140366","0.052179571241140366","0.052179571241140366","0.0907314121723175","0.0907314121723175","0.0907314121723175","0.054965607821941376","0.054965607821941376","0.054965607821941376","0.26274675130844116","0.26274675130844116","0.26274675130844116","0.12196989357471466","0.12196989357471466","0.12196989357471466","0.0517650730907917","0.0517650730907917","0.0517650730907917","0.05915918946266174","0.05915918946266174","0.05915918946266174","0.05658695474267006","0.05658695474267006","0.05658695474267006","0.16249927878379822","0.16249927878379822","0.16249927878379822","0.16820628941059113","0.16820628941059113","0.16820628941059113"
"29000","0.04873218014836311","0.04873218014836311","0.04873218014836311","0.09693104773759842","0.09693104773759842","0.09693104773759842","0.055948931723833084","0.055948931723833084","0.055948931723833084","0.09579870104789734","0.09579870104789734","0.09579870104789734","0.14919374883174896","0.14919374883174896","0.14919374883174896","0.05048409476876259","0.05048409476876259","0.05048409476876259","0.047720104455947876","0.047720104455947876","0.047720104455947876","0.05054421350359917","0.05054421350359917","0.05054421350359917","0.1680929958820343","0.1680929958820343","0.1680929958820343","0.12497571110725403","0.12497571110725403","0.12497571110725403"
"30000","0.05375722050666809","0.05375722050666809","0.05375722050666809","0.08057912439107895","0.08057912439107895","0.08057912439107895","0.05825670063495636","0.05825670063495636","0.05825670063495636","0.11863534897565842","0.11863534897565842","0.11863534897565842","0.16363757848739624","0.16363757848739624","0.16363757848739624","0.0532616451382637","0.0532616451382637","0.0532616451382637","0.053695935755968094","0.053695935755968094","0.053695935755968094","0.05174155905842781","0.05174155905842781","0.05174155905842781","0.10700668394565582","0.10700668394565582","0.10700668394565582","0.14851774275302887","0.14851774275302887","0.14851774275302887"
"31000","0.0490734800696373","0.0490734800696373","0.0490734800696373","0.08400804549455643","0.08400804549455643","0.08400804549455643","0.05478701367974281","0.05478701367974281","0.05478701367974281","0.14176616072654724","0.14176616072654724","0.14176616072654724","0.14639627933502197","0.14639627933502197","0.14639627933502197","0.053604334592819214","0.053604334592819214","0.053604334592819214","0.04740635305643082","0.04740635305643082","0.04740635305643082","0.05031559616327286","0.05031559616327286","0.05031559616327286","0.25216400623321533","0.25216400623321533","0.25216400623321533","0.15158627927303314","0.15158627927303314","0.15158627927303314"
"32000","0.04997236281633377","0.04997236281633377","0.04997236281633377","0.08500733226537704","0.08500733226537704","0.08500733226537704","0.05462244898080826","0.05462244898080826","0.05462244898080826","0.22886550426483154","0.22886550426483154","0.22886550426483154","0.1500522345304489","0.1500522345304489","0.1500522345304489","0.0526360347867012","0.0526360347867012","0.0526360347867012","0.16391274333000183","0.16391274333000183","0.16391274333000183","0.05000702291727066","0.05000702291727066","0.05000702291727066","0.1960536390542984","0.1960536390542984","0.1960536390542984","0.18524521589279175","0.18524521589279175","0.18524521589279175"
"33000","0.04634106531739235","0.04634106531739235","0.04634106531739235","0.10303469747304916","0.10303469747304916","0.10303469747304916","0.047785282135009766","0.047785282135009766","0.047785282135009766","0.10947371274232864","0.10947371274232864","0.10947371274232864","0.11802118271589279","0.11802118271589279","0.11802118271589279","0.05020294338464737","0.05020294338464737","0.05020294338464737","0.04641509801149368","0.04641509801149368","0.04641509801149368","0.058673422783613205","0.058673422783613205","0.058673422783613205","0.12464804202318192","0.12464804202318192","0.12464804202318192","0.1495305895805359","0.1495305895805359","0.1495305895805359"
"34000","0.04435034096240997","0.04435034096240997","0.04435034096240997","0.09714431315660477","0.09714431315660477","0.09714431315660477","0.0633651465177536","0.0633651465177536","0.0633651465177536","0.13671664893627167","0.13671664893627167","0.13671664893627167","0.16699489951133728","0.16699489951133728","0.16699489951133728","0.044283829629421234","0.044283829629421234","0.044283829629421234","0.04369695484638214","0.04369695484638214","0.04369695484638214","0.048630233854055405","0.048630233854055405","0.048630233854055405","0.14496827125549316","0.14496827125549316","0.14496827125549316","0.19706635177135468","0.19706635177135468","0.19706635177135468"
"35000","0.04463313892483711","0.04463313892483711","0.04463313892483711","0.08864887058734894","0.08864887058734894","0.08864887058734894","0.052556362003088","0.052556362003088","0.052556362003088","0.1974201202392578","0.1974201202392578","0.1974201202392578","0.16999946534633636","0.16999946534633636","0.16999946534633636","0.03977135196328163","0.03977135196328163","0.03977135196328163","0.03881484270095825","0.03881484270095825","0.03881484270095825","0.052713170647621155","0.052713170647621155","0.052713170647621155","0.13220837712287903","0.13220837712287903","0.13220837712287903","0.14813615381717682","0.14813615381717682","0.14813615381717682"
"36000","0.04368938133120537","0.04368938133120537","0.04368938133120537","0.10421635210514069","0.10421635210514069","0.10421635210514069","0.04461992159485817","0.04461992159485817","0.04461992159485817","0.1841171681880951","0.1841171681880951","0.1841171681880951","0.12616705894470215","0.12616705894470215","0.12616705894470215","0.04814796894788742","0.04814796894788742","0.04814796894788742","0.04593905061483383","0.04593905061483383","0.04593905061483383","0.047168001532554626","0.047168001532554626","0.047168001532554626","0.12081748992204666","0.12081748992204666","0.12081748992204666","0.1494680494070053","0.1494680494070053","0.1494680494070053"
"37000","0.040215108543634415","0.040215108543634415","0.040215108543634415","0.07929889857769012","0.07929889857769012","0.07929889857769012","0.05211495980620384","0.05211495980620384","0.05211495980620384","0.16538597643375397","0.16538597643375397","0.16538597643375397","0.18233706057071686","0.18233706057071686","0.18233706057071686","0.046769510954618454","0.046769510954618454","0.046769510954618454","0.04303610697388649","0.04303610697388649","0.04303610697388649","0.048520687967538834","0.048520687967538834","0.048520687967538834","0.13623394072055817","0.13623394072055817","0.13623394072055817","0.3595312833786011","0.3595312833786011","0.3595312833786011"
"38000","0.05006837844848633","0.05006837844848633","0.05006837844848633","0.07657483965158463","0.07657483965158463","0.07657483965158463","0.05139738693833351","0.05139738693833351","0.05139738693833351","0.14678680896759033","0.14678680896759033","0.14678680896759033","0.10983361303806305","0.10983361303806305","0.10983361303806305","0.04034368693828583","0.04034368693828583","0.04034368693828583","0.039678268134593964","0.039678268134593964","0.039678268134593964","0.047373149544000626","0.047373149544000626","0.047373149544000626","0.19496643543243408","0.19496643543243408","0.19496643543243408","0.11205683648586273","0.11205683648586273","0.11205683648586273"
"39000","0.043025288730859756","0.043025288730859756","0.043025288730859756","0.07137442380189896","0.07137442380189896","0.07137442380189896","0.05519963428378105","0.05519963428378105","0.05519963428378105","0.13875450193881989","0.13875450193881989","0.13875450193881989","0.12428435683250427","0.12428435683250427","0.12428435683250427","0.045114364475011826","0.045114364475011826","0.045114364475011826","0.03818092495203018","0.03818092495203018","0.03818092495203018","0.04750620573759079","0.04750620573759079","0.04750620573759079","0.15121878683567047","0.15121878683567047","0.15121878683567047","0.17715105414390564","0.17715105414390564","0.17715105414390564"
"40000","0.04063688591122627","0.04063688591122627","0.04063688591122627","0.07735153287649155","0.07735153287649155","0.07735153287649155","0.05260520055890083","0.05260520055890083","0.05260520055890083","0.11867378652095795","0.11867378652095795","0.11867378652095795","0.12963438034057617","0.12963438034057617","0.12963438034057617","0.043807338923215866","0.043807338923215866","0.043807338923215866","0.0874917283654213","0.0874917283654213","0.0874917283654213","0.04803301766514778","0.04803301766514778","0.04803301766514778","0.1703169047832489","0.1703169047832489","0.1703169047832489","0.12265516072511673","0.12265516072511673","0.12265516072511673"
"41000","0.04126809537410736","0.04126809537410736","0.04126809537410736","0.07561583817005157","0.07561583817005157","0.07561583817005157","0.050592370331287384","0.050592370331287384","0.050592370331287384","0.12971848249435425","0.12971848249435425","0.12971848249435425","0.13061532378196716","0.13061532378196716","0.13061532378196716","0.043733928352594376","0.043733928352594376","0.043733928352594376","0.03961337357759476","0.03961337357759476","0.03961337357759476","0.04807993397116661","0.04807993397116661","0.04807993397116661","0.16320563852787018","0.16320563852787018","0.16320563852787018","0.14583204686641693","0.14583204686641693","0.14583204686641693"
"42000","0.04023423418402672","0.04023423418402672","0.04023423418402672","0.08836830407381058","0.08836830407381058","0.08836830407381058","0.04682135209441185","0.04682135209441185","0.04682135209441185","0.1299155056476593","0.1299155056476593","0.1299155056476593","0.16423363983631134","0.16423363983631134","0.16423363983631134","0.040362779051065445","0.040362779051065445","0.040362779051065445","0.04557814076542854","0.04557814076542854","0.04557814076542854","0.04808325693011284","0.04808325693011284","0.04808325693011284","0.10307252407073975","0.10307252407073975","0.10307252407073975","0.09800412505865097","0.09800412505865097","0.09800412505865097"
"43000","0.04041636735200882","0.04041636735200882","0.04041636735200882","0.08498670905828476","0.08498670905828476","0.08498670905828476","0.04549731686711311","0.04549731686711311","0.04549731686711311","0.09295336902141571","0.09295336902141571","0.09295336902141571","0.10995235294103622","0.10995235294103622","0.10995235294103622","0.046116262674331665","0.046116262674331665","0.046116262674331665","0.036011405289173126","0.036011405289173126","0.036011405289173126","0.043432578444480896","0.043432578444480896","0.043432578444480896","0.30123019218444824","0.30123019218444824","0.30123019218444824","0.18154513835906982","0.18154513835906982","0.18154513835906982"
"44000","0.0390734039247036","0.0390734039247036","0.0390734039247036","0.08125801384449005","0.08125801384449005","0.08125801384449005","0.04934869334101677","0.04934869334101677","0.04934869334101677","0.09595876187086105","0.09595876187086105","0.09595876187086105","0.1287086457014084","0.1287086457014084","0.1287086457014084","0.03887685388326645","0.03887685388326645","0.03887685388326645","0.141307532787323","0.141307532787323","0.141307532787323","0.04557531327009201","0.04557531327009201","0.04557531327009201","0.10535091906785965","0.10535091906785965","0.10535091906785965","0.10530561208724976","0.10530561208724976","0.10530561208724976"
"45000","0.17478090524673462","0.17478090524673462","0.17478090524673462","0.07722323387861252","0.07722323387861252","0.07722323387861252","0.04693373665213585","0.04693373665213585","0.04693373665213585","0.09663326293230057","0.09663326293230057","0.09663326293230057","0.09674865752458572","0.09674865752458572","0.09674865752458572","0.03358425945043564","0.03358425945043564","0.03358425945043564","0.03618114814162254","0.03618114814162254","0.03618114814162254","0.042753469198942184","0.042753469198942184","0.042753469198942184","0.22368717193603516","0.22368717193603516","0.22368717193603516","0.1988542377948761","0.1988542377948761","0.1988542377948761"
"46000","0.03680133819580078","0.03680133819580078","0.03680133819580078","0.06587941199541092","0.06587941199541092","0.06587941199541092","0.047722816467285156","0.047722816467285156","0.047722816467285156","0.16135402023792267","0.16135402023792267","0.16135402023792267","0.1406606286764145","0.1406606286764145","0.1406606286764145","0.03759630024433136","0.03759630024433136","0.03759630024433136","0.03725574165582657","0.03725574165582657","0.03725574165582657","0.03750358894467354","0.03750358894467354","0.03750358894467354","0.17371392250061035","0.17371392250061035","0.17371392250061035","0.09550607204437256","0.09550607204437256","0.09550607204437256"
"47000","0.04434369504451752","0.04434369504451752","0.04434369504451752","0.08708947896957397","0.08708947896957397","0.08708947896957397","0.05258314311504364","0.05258314311504364","0.05258314311504364","0.08884286135435104","0.08884286135435104","0.08884286135435104","0.1053474023938179","0.1053474023938179","0.1053474023938179","0.04128585010766983","0.04128585010766983","0.04128585010766983","0.040916986763477325","0.040916986763477325","0.040916986763477325","0.04257271811366081","0.04257271811366081","0.04257271811366081","0.12641207873821259","0.12641207873821259","0.12641207873821259","0.11851196736097336","0.11851196736097336","0.11851196736097336"
"48000","0.05223646014928818","0.05223646014928818","0.05223646014928818","0.06632816046476364","0.06632816046476364","0.06632816046476364","0.047896020114421844","0.047896020114421844","0.047896020114421844","0.16683536767959595","0.16683536767959595","0.16683536767959595","0.12452138215303421","0.12452138215303421","0.12452138215303421","0.03846985101699829","0.03846985101699829","0.03846985101699829","0.04403562843799591","0.04403562843799591","0.04403562843799591","0.13282674551010132","0.13282674551010132","0.13282674551010132","0.2362886369228363","0.2362886369228363","0.2362886369228363","0.14437778294086456","0.14437778294086456","0.14437778294086456"
"49000","0.0423491932451725","0.0423491932451725","0.0423491932451725","0.07344111055135727","0.07344111055135727","0.07344111055135727","0.05487909913063049","0.05487909913063049","0.05487909913063049","0.10942541062831879","0.10942541062831879","0.10942541062831879","0.11787392944097519","0.11787392944097519","0.11787392944097519","0.04194122925400734","0.04194122925400734","0.04194122925400734","0.038073211908340454","0.038073211908340454","0.038073211908340454","0.04346056282520294","0.04346056282520294","0.04346056282520294","0.1223093792796135","0.1223093792796135","0.1223093792796135","0.21234598755836487","0.21234598755836487","0.21234598755836487"
"50000","0.04151041805744171","0.04151041805744171","0.04151041805744171","0.07421742379665375","0.07421742379665375","0.07421742379665375","0.05054562911391258","0.05054562911391258","0.05054562911391258","0.12685301899909973","0.12685301899909973","0.12685301899909973","0.11217166483402252","0.11217166483402252","0.11217166483402252","0.035679250955581665","0.035679250955581665","0.035679250955581665","0.03751727566123009","0.03751727566123009","0.03751727566123009","0.0430130697786808","0.0430130697786808","0.0430130697786808","0.0884939432144165","0.0884939432144165","0.0884939432144165","0.08027172088623047","0.08027172088623047","0.08027172088623047"
"51000","0.05411459133028984","0.05411459133028984","0.05411459133028984","0.06183675304055214","0.06183675304055214","0.06183675304055214","0.04637652263045311","0.04637652263045311","0.04637652263045311","0.1049375832080841","0.1049375832080841","0.1049375832080841","0.15135575830936432","0.15135575830936432","0.15135575830936432","0.037793468683958054","0.037793468683958054","0.037793468683958054","0.04054401069879532","0.04054401069879532","0.04054401069879532","0.03951301425695419","0.03951301425695419","0.03951301425695419","0.17773912847042084","0.17773912847042084","0.17773912847042084","0.10756771266460419","0.10756771266460419","0.10756771266460419"
"52000","0.047560710459947586","0.047560710459947586","0.047560710459947586","0.07009802013635635","0.07009802013635635","0.07009802013635635","0.04908437281847","0.04908437281847","0.04908437281847","0.1450347900390625","0.1450347900390625","0.1450347900390625","0.1299375593662262","0.1299375593662262","0.1299375593662262","0.038887158036231995","0.038887158036231995","0.038887158036231995","0.037914812564849854","0.037914812564849854","0.037914812564849854","0.051756203174591064","0.051756203174591064","0.051756203174591064","0.11553354561328888","0.11553354561328888","0.11553354561328888","0.17244863510131836","0.17244863510131836","0.17244863510131836"
"53000","0.03971031308174133","0.03971031308174133","0.03971031308174133","0.06978945434093475","0.06978945434093475","0.06978945434093475","0.047683604061603546","0.047683604061603546","0.047683604061603546","0.12496248632669449","0.12496248632669449","0.12496248632669449","0.11849511414766312","0.11849511414766312","0.11849511414766312","0.03441739082336426","0.03441739082336426","0.03441739082336426","0.043092623353004456","0.043092623353004456","0.043092623353004456","0.04346904903650284","0.04346904903650284","0.04346904903650284","0.19167199730873108","0.19167199730873108","0.19167199730873108","0.16969507932662964","0.16969507932662964","0.16969507932662964"
"54000","0.03300398588180542","0.03300398588180542","0.03300398588180542","0.06850379705429077","0.06850379705429077","0.06850379705429077","0.04924110323190689","0.04924110323190689","0.04924110323190689","0.10024828463792801","0.10024828463792801","0.10024828463792801","0.12258787453174591","0.12258787453174591","0.12258787453174591","0.03681912645697594","0.03681912645697594","0.03681912645697594","0.03614906221628189","0.03614906221628189","0.03614906221628189","0.03278240188956261","0.03278240188956261","0.03278240188956261","0.15580376982688904","0.15580376982688904","0.15580376982688904","0.1250869184732437","0.1250869184732437","0.1250869184732437"
"55000","0.037544116377830505","0.037544116377830505","0.037544116377830505","0.06495331972837448","0.06495331972837448","0.06495331972837448","0.04549112915992737","0.04549112915992737","0.04549112915992737","0.15596263110637665","0.15596263110637665","0.15596263110637665","0.10521386563777924","0.10521386563777924","0.10521386563777924","0.035948313772678375","0.035948313772678375","0.035948313772678375","0.0329979807138443","0.0329979807138443","0.0329979807138443","0.03642332926392555","0.03642332926392555","0.03642332926392555","0.17377036809921265","0.17377036809921265","0.17377036809921265","0.13527542352676392","0.13527542352676392","0.13527542352676392"
"56000","0.04101090505719185","0.04101090505719185","0.04101090505719185","0.06988591700792313","0.06988591700792313","0.06988591700792313","0.04569322243332863","0.04569322243332863","0.04569322243332863","0.08276104927062988","0.08276104927062988","0.08276104927062988","0.09382311254739761","0.09382311254739761","0.09382311254739761","0.03996431827545166","0.03996431827545166","0.03996431827545166","0.034659236669540405","0.034659236669540405","0.034659236669540405","0.03864678740501404","0.03864678740501404","0.03864678740501404","0.08921696990728378","0.08921696990728378","0.08921696990728378","0.3377144932746887","0.3377144932746887","0.3377144932746887"
"57000","0.032597336918115616","0.032597336918115616","0.032597336918115616","0.06680554151535034","0.06680554151535034","0.06680554151535034","0.04746843874454498","0.04746843874454498","0.04746843874454498","0.1265765130519867","0.1265765130519867","0.1265765130519867","0.10241299867630005","0.10241299867630005","0.10241299867630005","0.03538525849580765","0.03538525849580765","0.03538525849580765","0.03577413037419319","0.03577413037419319","0.03577413037419319","0.09477902203798294","0.09477902203798294","0.09477902203798294","0.11506173014640808","0.11506173014640808","0.11506173014640808","0.16883453726768494","0.16883453726768494","0.16883453726768494"
"58000","0.03941383212804794","0.03941383212804794","0.03941383212804794","0.06830963492393494","0.06830963492393494","0.06830963492393494","0.03907942771911621","0.03907942771911621","0.03907942771911621","0.19431978464126587","0.19431978464126587","0.19431978464126587","0.1117810606956482","0.1117810606956482","0.1117810606956482","0.037274137139320374","0.037274137139320374","0.037274137139320374","0.033024974167346954","0.033024974167346954","0.033024974167346954","0.04229595884680748","0.04229595884680748","0.04229595884680748","0.12201240658760071","0.12201240658760071","0.12201240658760071","0.08319561928510666","0.08319561928510666","0.08319561928510666"
"59000","0.04512811824679375","0.04512811824679375","0.04512811824679375","0.07486643642187119","0.07486643642187119","0.07486643642187119","0.043458037078380585","0.043458037078380585","0.043458037078380585","0.09893182665109634","0.09893182665109634","0.09893182665109634","0.1293460726737976","0.1293460726737976","0.1293460726737976","0.034539174288511276","0.034539174288511276","0.034539174288511276","0.0323215126991272","0.0323215126991272","0.0323215126991272","0.03857945650815964","0.03857945650815964","0.03857945650815964","0.1099565178155899","0.1099565178155899","0.1099565178155899","0.06636115908622742","0.06636115908622742","0.06636115908622742"
"60000","0.038804616779088974","0.038804616779088974","0.038804616779088974","0.07391699403524399","0.07391699403524399","0.07391699403524399","0.046672653406858444","0.046672653406858444","0.046672653406858444","0.12183567136526108","0.12183567136526108","0.12183567136526108","0.08418555557727814","0.08418555557727814","0.08418555557727814","0.03293399140238762","0.03293399140238762","0.03293399140238762","0.0371263287961483","0.0371263287961483","0.0371263287961483","0.03567487746477127","0.03567487746477127","0.03567487746477127","0.09580358862876892","0.09580358862876892","0.09580358862876892","0.15478743612766266","0.15478743612766266","0.15478743612766266"
"61000","0.03365055099129677","0.03365055099129677","0.03365055099129677","0.06155014410614967","0.06155014410614967","0.06155014410614967","0.04318705201148987","0.04318705201148987","0.04318705201148987","0.08076944947242737","0.08076944947242737","0.08076944947242737","0.14050418138504028","0.14050418138504028","0.14050418138504028","0.03572849929332733","0.03572849929332733","0.03572849929332733","0.06086789444088936","0.06086789444088936","0.06086789444088936","0.03556421771645546","0.03556421771645546","0.03556421771645546","0.11575806140899658","0.11575806140899658","0.11575806140899658","0.09254276752471924","0.09254276752471924","0.09254276752471924"
"62000","0.03526461496949196","0.03526461496949196","0.03526461496949196","0.0686214491724968","0.0686214491724968","0.0686214491724968","0.04239649698138237","0.04239649698138237","0.04239649698138237","0.15552951395511627","0.15552951395511627","0.15552951395511627","0.11356190592050552","0.11356190592050552","0.11356190592050552","0.03419237583875656","0.03419237583875656","0.03419237583875656","0.03796810656785965","0.03796810656785965","0.03796810656785965","0.03421730175614357","0.03421730175614357","0.03421730175614357","0.11564987152814865","0.11564987152814865","0.11564987152814865","0.1858687549829483","0.1858687549829483","0.1858687549829483"
"63000","0.03204489126801491","0.03204489126801491","0.03204489126801491","0.07244869321584702","0.07244869321584702","0.07244869321584702","0.05988471210002899","0.05988471210002899","0.05988471210002899","0.06912518292665482","0.06912518292665482","0.06912518292665482","0.10256188362836838","0.10256188362836838","0.10256188362836838","0.03710220754146576","0.03710220754146576","0.03710220754146576","0.03334152698516846","0.03334152698516846","0.03334152698516846","0.039109621196985245","0.039109621196985245","0.039109621196985245","0.11674576997756958","0.11674576997756958","0.11674576997756958","0.0656512901186943","0.0656512901186943","0.0656512901186943"
"64000","0.02858218550682068","0.02858218550682068","0.02858218550682068","0.0608401820063591","0.0608401820063591","0.0608401820063591","0.04322455823421478","0.04322455823421478","0.04322455823421478","0.13360878825187683","0.13360878825187683","0.13360878825187683","0.10233453661203384","0.10233453661203384","0.10233453661203384","0.03492490574717522","0.03492490574717522","0.03492490574717522","0.03141763433814049","0.03141763433814049","0.03141763433814049","0.03484398126602173","0.03484398126602173","0.03484398126602173","0.11491741985082626","0.11491741985082626","0.11491741985082626","0.20509186387062073","0.20509186387062073","0.20509186387062073"
"65000","0.033747993409633636","0.033747993409633636","0.033747993409633636","0.0747486799955368","0.0747486799955368","0.0747486799955368","0.03718118742108345","0.03718118742108345","0.03718118742108345","0.08788803219795227","0.08788803219795227","0.08788803219795227","0.12202957272529602","0.12202957272529602","0.12202957272529602","0.03413603827357292","0.03413603827357292","0.03413603827357292","0.035993095487356186","0.035993095487356186","0.035993095487356186","0.04308493807911873","0.04308493807911873","0.04308493807911873","0.2169288545846939","0.2169288545846939","0.2169288545846939","0.16106554865837097","0.16106554865837097","0.16106554865837097"
"66000","0.03705262392759323","0.03705262392759323","0.03705262392759323","0.059272754937410355","0.059272754937410355","0.059272754937410355","0.041973672807216644","0.041973672807216644","0.041973672807216644","0.0859755128622055","0.0859755128622055","0.0859755128622055","0.11119064688682556","0.11119064688682556","0.11119064688682556","0.03463536128401756","0.03463536128401756","0.03463536128401756","0.03170038387179375","0.03170038387179375","0.03170038387179375","0.03658435866236687","0.03658435866236687","0.03658435866236687","0.09769394248723984","0.09769394248723984","0.09769394248723984","0.12382258474826813","0.12382258474826813","0.12382258474826813"
"67000","0.03465961664915085","0.03465961664915085","0.03465961664915085","0.05650772154331207","0.05650772154331207","0.05650772154331207","0.04880598932504654","0.04880598932504654","0.04880598932504654","0.08954452723264694","0.08954452723264694","0.08954452723264694","0.09474924951791763","0.09474924951791763","0.09474924951791763","0.0384177602827549","0.0384177602827549","0.0384177602827549","0.034167416393756866","0.034167416393756866","0.034167416393756866","0.04543730989098549","0.04543730989098549","0.04543730989098549","0.16288749873638153","0.16288749873638153","0.16288749873638153","0.11075069010257721","0.11075069010257721","0.11075069010257721"
"68000","0.03452540189027786","0.03452540189027786","0.03452540189027786","0.06681220978498459","0.06681220978498459","0.06681220978498459","0.037476249039173126","0.037476249039173126","0.037476249039173126","0.12849240005016327","0.12849240005016327","0.12849240005016327","0.13198141753673553","0.13198141753673553","0.13198141753673553","0.03089325688779354","0.03089325688779354","0.03089325688779354","0.03166688606142998","0.03166688606142998","0.03166688606142998","0.03298015892505646","0.03298015892505646","0.03298015892505646","0.1253432035446167","0.1253432035446167","0.1253432035446167","0.17184458673000336","0.17184458673000336","0.17184458673000336"
"69000","0.036485545337200165","0.036485545337200165","0.036485545337200165","0.06108394265174866","0.06108394265174866","0.06108394265174866","0.04023774340748787","0.04023774340748787","0.04023774340748787","0.12225163727998734","0.12225163727998734","0.12225163727998734","0.110965795814991","0.110965795814991","0.110965795814991","0.03029699996113777","0.03029699996113777","0.03029699996113777","0.03576475754380226","0.03576475754380226","0.03576475754380226","0.03429551422595978","0.03429551422595978","0.03429551422595978","0.14230027794837952","0.14230027794837952","0.14230027794837952","0.11126626282930374","0.11126626282930374","0.11126626282930374"
"70000","0.03474029526114464","0.03474029526114464","0.03474029526114464","0.06004739925265312","0.06004739925265312","0.06004739925265312","0.038339171558618546","0.038339171558618546","0.038339171558618546","0.09315396845340729","0.09315396845340729","0.09315396845340729","0.11352764070034027","0.11352764070034027","0.11352764070034027","0.03196720406413078","0.03196720406413078","0.03196720406413078","0.15289874374866486","0.15289874374866486","0.15289874374866486","0.03778991475701332","0.03778991475701332","0.03778991475701332","0.14618445932865143","0.14618445932865143","0.14618445932865143","0.17861993610858917","0.17861993610858917","0.17861993610858917"
"71000","0.03273861110210419","0.03273861110210419","0.03273861110210419","0.06825622916221619","0.06825622916221619","0.06825622916221619","0.042094361037015915","0.042094361037015915","0.042094361037015915","0.1285133957862854","0.1285133957862854","0.1285133957862854","0.11903810501098633","0.11903810501098633","0.11903810501098633","0.026616090908646584","0.026616090908646584","0.026616090908646584","0.1371210664510727","0.1371210664510727","0.1371210664510727","0.03358245640993118","0.03358245640993118","0.03358245640993118","0.1926058530807495","0.1926058530807495","0.1926058530807495","0.1108834370970726","0.1108834370970726","0.1108834370970726"
"72000","0.029095016419887543","0.029095016419887543","0.029095016419887543","0.06273870915174484","0.06273870915174484","0.06273870915174484","0.04233875870704651","0.04233875870704651","0.04233875870704651","0.1354932337999344","0.1354932337999344","0.1354932337999344","0.0887945145368576","0.0887945145368576","0.0887945145368576","0.033704932779073715","0.033704932779073715","0.033704932779073715","0.033119767904281616","0.033119767904281616","0.033119767904281616","0.03522099554538727","0.03522099554538727","0.03522099554538727","0.10761946439743042","0.10761946439743042","0.10761946439743042","0.11750859022140503","0.11750859022140503","0.11750859022140503"
"73000","0.029318062588572502","0.029318062588572502","0.029318062588572502","0.061579082161188126","0.061579082161188126","0.061579082161188126","0.03832138329744339","0.03832138329744339","0.03832138329744339","0.11039934307336807","0.11039934307336807","0.11039934307336807","0.08877092599868774","0.08877092599868774","0.08877092599868774","0.036623433232307434","0.036623433232307434","0.036623433232307434","0.036476027220487595","0.036476027220487595","0.036476027220487595","0.037827957421541214","0.037827957421541214","0.037827957421541214","0.17817284166812897","0.17817284166812897","0.17817284166812897","0.1435270607471466","0.1435270607471466","0.1435270607471466"
"74000","0.031026257202029228","0.031026257202029228","0.031026257202029228","0.07101011276245117","0.07101011276245117","0.07101011276245117","0.040536846965551376","0.040536846965551376","0.040536846965551376","0.06649527698755264","0.06649527698755264","0.06649527698755264","0.12154971063137054","0.12154971063137054","0.12154971063137054","0.03715755045413971","0.03715755045413971","0.03715755045413971","0.031194819137454033","0.031194819137454033","0.031194819137454033","0.03189244493842125","0.03189244493842125","0.03189244493842125","0.14399266242980957","0.14399266242980957","0.14399266242980957","0.10912761837244034","0.10912761837244034","0.10912761837244034"
"75000","0.031756896525621414","0.031756896525621414","0.031756896525621414","0.05882496014237404","0.05882496014237404","0.05882496014237404","0.043088655918836594","0.043088655918836594","0.043088655918836594","0.12998899817466736","0.12998899817466736","0.12998899817466736","0.13066521286964417","0.13066521286964417","0.13066521286964417","0.03282683715224266","0.03282683715224266","0.03282683715224266","0.03459984064102173","0.03459984064102173","0.03459984064102173","0.09593365341424942","0.09593365341424942","0.09593365341424942","0.09803521633148193","0.09803521633148193","0.09803521633148193","0.12828826904296875","0.12828826904296875","0.12828826904296875"
"76000","0.03215926140546799","0.03215926140546799","0.03215926140546799","0.0563206784427166","0.0563206784427166","0.0563206784427166","0.03794648125767708","0.03794648125767708","0.03794648125767708","0.0815408006310463","0.0815408006310463","0.0815408006310463","0.09141498059034348","0.09141498059034348","0.09141498059034348","0.08488959074020386","0.08488959074020386","0.08488959074020386","0.032053060829639435","0.032053060829639435","0.032053060829639435","0.0323614738881588","0.0323614738881588","0.0323614738881588","0.07911519706249237","0.07911519706249237","0.07911519706249237","0.1860779970884323","0.1860779970884323","0.1860779970884323"
"77000","0.16624237596988678","0.16624237596988678","0.16624237596988678","0.05372656136751175","0.05372656136751175","0.05372656136751175","0.03528135269880295","0.03528135269880295","0.03528135269880295","0.08756764978170395","0.08756764978170395","0.08756764978170395","0.09861601144075394","0.09861601144075394","0.09861601144075394","0.03766823932528496","0.03766823932528496","0.03766823932528496","0.032248176634311676","0.032248176634311676","0.032248176634311676","0.031037796288728714","0.031037796288728714","0.031037796288728714","0.08468426018953323","0.08468426018953323","0.08468426018953323","0.11693516373634338","0.11693516373634338","0.11693516373634338"
"78000","0.03722438961267471","0.03722438961267471","0.03722438961267471","0.06104553863406181","0.06104553863406181","0.06104553863406181","0.2525494694709778","0.2525494694709778","0.2525494694709778","0.10716558247804642","0.10716558247804642","0.10716558247804642","0.14137326180934906","0.14137326180934906","0.14137326180934906","0.035758256912231445","0.035758256912231445","0.035758256912231445","0.03080512210726738","0.03080512210726738","0.03080512210726738","0.03139747306704521","0.03139747306704521","0.03139747306704521","0.13468435406684875","0.13468435406684875","0.13468435406684875","0.09886392951011658","0.09886392951011658","0.09886392951011658"
"79000","0.02739511802792549","0.02739511802792549","0.02739511802792549","0.06796548515558243","0.06796548515558243","0.06796548515558243","0.03495141118764877","0.03495141118764877","0.03495141118764877","0.08760211616754532","0.08760211616754532","0.08760211616754532","0.08651141822338104","0.08651141822338104","0.08651141822338104","0.029525676742196083","0.029525676742196083","0.029525676742196083","0.03148980066180229","0.03148980066180229","0.03148980066180229","0.03544563055038452","0.03544563055038452","0.03544563055038452","0.09275870770215988","0.09275870770215988","0.09275870770215988","0.10647939145565033","0.10647939145565033","0.10647939145565033"
"80000","0.032113801687955856","0.032113801687955856","0.032113801687955856","0.05423141270875931","0.05423141270875931","0.05423141270875931","0.1189630776643753","0.1189630776643753","0.1189630776643753","0.07289644330739975","0.07289644330739975","0.07289644330739975","0.09575770795345306","0.09575770795345306","0.09575770795345306","0.029953457415103912","0.029953457415103912","0.029953457415103912","0.03079373948276043","0.03079373948276043","0.03079373948276043","0.03400038927793503","0.03400038927793503","0.03400038927793503","0.1283768266439438","0.1283768266439438","0.1283768266439438","0.09688100218772888","0.09688100218772888","0.09688100218772888"
"81000","","","","0.0554862804710865","0.0554862804710865","0.0554862804710865","","","","","","","","","","","","","","","","","","","","","","","",""
"82000","","","","0.06111067906022072","0.06111067906022072","0.06111067906022072","","","","","","","","","","","","","","","","","","","","","","","",""
"83000","","","","0.05783938243985176","0.05783938243985176","0.05783938243985176","","","","","","","","","","","","","","","","","","","","","","","",""
"84000","","","","0.05673915147781372","0.05673915147781372","0.05673915147781372","","","","","","","","","","","","","","","","","","","","","","","",""
"85000","","","","0.038454942405223846","0.038454942405223846","0.038454942405223846","","","","","","","","","","","","","","","","","","","","","","","",""
"86000","","","","0.05929326266050339","0.05929326266050339","0.05929326266050339","","","","","","","","","","","","","","","","","","","","","","","",""
"87000","","","","0.058716416358947754","0.058716416358947754","0.058716416358947754","","","","","","","","","","","","","","","","","","","","","","","",""
"88000","","","","0.055533699691295624","0.055533699691295624","0.055533699691295624","","","","","","","","","","","","","","","","","","","","","","","",""
"89000","","","","0.06528253853321075","0.06528253853321075","0.06528253853321075","","","","","","","","","","","","","","","","","","","","","","","",""
"90000","","","","0.05445335432887077","0.05445335432887077","0.05445335432887077","","","","","","","","","","","","","","","","","","","","","","","",""
"91000","","","","0.055940523743629456","0.055940523743629456","0.055940523743629456","","","","","","","","","","","","","","","","","","","","","","","",""
"92000","","","","0.050303779542446136","0.050303779542446136","0.050303779542446136","","","","","","","","","","","","","","","","","","","","","","","",""
"93000","","","","0.061053622514009476","0.061053622514009476","0.061053622514009476","","","","","","","","","","","","","","","","","","","","","","","",""
"94000","","","","0.056365273892879486","0.056365273892879486","0.056365273892879486","","","","","","","","","","","","","","","","","","","","","","","",""
"95000","","","","0.05434492230415344","0.05434492230415344","0.05434492230415344","","","","","","","","","","","","","","","","","","","","","","","",""
"96000","","","","0.05800231918692589","0.05800231918692589","0.05800231918692589","","","","","","","","","","","","","","","","","","","","","","","",""
"97000","","","","0.04286349192261696","0.04286349192261696","0.04286349192261696","","","","","","","","","","","","","","","","","","","","","","","",""
"98000","","","","0.056873101741075516","0.056873101741075516","0.056873101741075516","","","","","","","","","","","","","","","","","","","","","","","",""
"99000","","","","0.0478743351995945","0.0478743351995945","0.0478743351995945","","","","","","","","","","","","","","","","","","","","","","","",""
"100000","","","","0.05182762071490288","0.05182762071490288","0.05182762071490288","","","","","","","","","","","","","","","","","","","","","","","",""
"101000","","","","0.05105789750814438","0.05105789750814438","0.05105789750814438","","","","","","","","","","","","","","","","","","","","","","","",""
"102000","","","","0.05897872522473335","0.05897872522473335","0.05897872522473335","","","","","","","","","","","","","","","","","","","","","","","",""
"103000","","","","0.04581577703356743","0.04581577703356743","0.04581577703356743","","","","","","","","","","","","","","","","","","","","","","","",""
"104000","","","","0.05259605124592781","0.05259605124592781","0.05259605124592781","","","","","","","","","","","","","","","","","","","","","","","",""
"105000","","","","0.04784495756030083","0.04784495756030083","0.04784495756030083","","","","","","","","","","","","","","","","","","","","","","","",""
"106000","","","","0.047307275235652924","0.047307275235652924","0.047307275235652924","","","","","","","","","","","","","","","","","","","","","","","",""
"107000","","","","0.041536059230566025","0.041536059230566025","0.041536059230566025","","","","","","","","","","","","","","","","","","","","","","","",""
"108000","","","","0.06242252513766289","0.06242252513766289","0.06242252513766289","","","","","","","","","","","","","","","","","","","","","","","",""
"109000","","","","0.04350702837109566","0.04350702837109566","0.04350702837109566","","","","","","","","","","","","","","","","","","","","","","","",""
"110000","","","","0.038106974214315414","0.038106974214315414","0.038106974214315414","","","","","","","","","","","","","","","","","","","","","","","",""
"111000","","","","0.04629538208246231","0.04629538208246231","0.04629538208246231","","","","","","","","","","","","","","","","","","","","","","","",""
"112000","","","","0.05445147678256035","0.05445147678256035","0.05445147678256035","","","","","","","","","","","","","","","","","","","","","","","",""
"113000","","","","0.042225878685712814","0.042225878685712814","0.042225878685712814","","","","","","","","","","","","","","","","","","","","","","","",""
"114000","","","","0.04649846628308296","0.04649846628308296","0.04649846628308296","","","","","","","","","","","","","","","","","","","","","","","",""
"115000","","","","0.05266785994172096","0.05266785994172096","0.05266785994172096","","","","","","","","","","","","","","","","","","","","","","","",""
"116000","","","","0.03832101821899414","0.03832101821899414","0.03832101821899414","","","","","","","","","","","","","","","","","","","","","","","",""
"117000","","","","0.047518763691186905","0.047518763691186905","0.047518763691186905","","","","","","","","","","","","","","","","","","","","","","","",""
"118000","","","","0.04332289472222328","0.04332289472222328","0.04332289472222328","","","","","","","","","","","","","","","","","","","","","","","",""
"119000","","","","0.04895322397351265","0.04895322397351265","0.04895322397351265","","","","","","","","","","","","","","","","","","","","","","","",""
"120000","","","","0.044476769864559174","0.044476769864559174","0.044476769864559174","","","","","","","","","","","","","","","","","","","","","","","",""