"Step","cubes_R-S - train/l1_loss","cubes_R-S - train/l1_loss__MIN","cubes_R-S - train/l1_loss__MAX","cubes_R-3456 - train/l1_loss","cubes_R-3456 - train/l1_loss__MIN","cubes_R-3456 - train/l1_loss__MAX","cubes_R-56 - train/l1_loss","cubes_R-56 - train/l1_loss__MIN","cubes_R-56 - train/l1_loss__MAX","cubes_R-3456-P - train/l1_loss","cubes_R-3456-P - train/l1_loss__MIN","cubes_R-3456-P - train/l1_loss__MAX","cubes_R-3456-PT - train/l1_loss","cubes_R-3456-PT - train/l1_loss__MIN","cubes_R-3456-PT - train/l1_loss__MAX","resnet_arm_torques_big_dataset - train/l1_loss","resnet_arm_torques_big_dataset - train/l1_loss__MIN","resnet_arm_torques_big_dataset - train/l1_loss__MAX","resnet_arm_torques - train/l1_loss","resnet_arm_torques - train/l1_loss__MIN","resnet_arm_torques - train/l1_loss__MAX","resnet_torque - train/l1_loss","resnet_torque - train/l1_loss__MIN","resnet_torque - train/l1_loss__MAX"
"1000","0.2595589756965637","0.2595589756965637","0.2595589756965637","0.23580923676490784","0.23580923676490784","0.23580923676490784","0.2211618572473526","0.2211618572473526","0.2211618572473526","0.24386689066886902","0.24386689066886902","0.24386689066886902","0.28700798749923706","0.28700798749923706","0.28700798749923706","0.6692770719528198","0.6692770719528198","0.6692770719528198","0.33173713088035583","0.33173713088035583","0.33173713088035583","0.2740142047405243","0.2740142047405243","0.2740142047405243"
"2000","0.20318208634853363","0.20318208634853363","0.20318208634853363","0.17056268453598022","0.17056268453598022","0.17056268453598022","0.21939784288406372","0.21939784288406372","0.21939784288406372","0.18882127106189728","0.18882127106189728","0.18882127106189728","0.2237611562013626","0.2237611562013626","0.2237611562013626","0.3969162702560425","0.3969162702560425","0.3969162702560425","0.3172619938850403","0.3172619938850403","0.3172619938850403","0.19606855511665344","0.19606855511665344","0.19606855511665344"
"3000","0.1901746392250061","0.1901746392250061","0.1901746392250061","0.1980019211769104","0.1980019211769104","0.1980019211769104","0.1574079543352127","0.1574079543352127","0.1574079543352127","0.15444965660572052","0.15444965660572052","0.15444965660572052","0.20765440165996552","0.20765440165996552","0.20765440165996552","0.2916049063205719","0.2916049063205719","0.2916049063205719","0.20504382252693176","0.20504382252693176","0.20504382252693176","0.16760987043380737","0.16760987043380737","0.16760987043380737"
"4000","0.1289306879043579","0.1289306879043579","0.1289306879043579","0.20980478823184967","0.20980478823184967","0.20980478823184967","0.15937338769435883","0.15937338769435883","0.15937338769435883","0.17641781270503998","0.17641781270503998","0.17641781270503998","0.21613666415214539","0.21613666415214539","0.21613666415214539","0.36893001198768616","0.36893001198768616","0.36893001198768616","0.29885590076446533","0.29885590076446533","0.29885590076446533","0.1971253603696823","0.1971253603696823","0.1971253603696823"
"5000","0.1271771937608719","0.1271771937608719","0.1271771937608719","0.16495969891548157","0.16495969891548157","0.16495969891548157","0.14616042375564575","0.14616042375564575","0.14616042375564575","0.1656259298324585","0.1656259298324585","0.1656259298324585","0.15966416895389557","0.15966416895389557","0.15966416895389557","0.27347081899642944","0.27347081899642944","0.27347081899642944","0.21689128875732422","0.21689128875732422","0.21689128875732422","0.18474945425987244","0.18474945425987244","0.18474945425987244"
"6000","0.12752661108970642","0.12752661108970642","0.12752661108970642","0.14499996602535248","0.14499996602535248","0.14499996602535248","0.15067799389362335","0.15067799389362335","0.15067799389362335","0.16296865046024323","0.16296865046024323","0.16296865046024323","0.18706780672073364","0.18706780672073364","0.18706780672073364","0.36952367424964905","0.36952367424964905","0.36952367424964905","0.30073750019073486","0.30073750019073486","0.30073750019073486","0.16652415692806244","0.16652415692806244","0.16652415692806244"
"7000","0.12155794352293015","0.12155794352293015","0.12155794352293015","0.13609308004379272","0.13609308004379272","0.13609308004379272","0.13929830491542816","0.13929830491542816","0.13929830491542816","0.14862072467803955","0.14862072467803955","0.14862072467803955","0.14455202221870422","0.14455202221870422","0.14455202221870422","0.24905997514724731","0.24905997514724731","0.24905997514724731","0.2639293968677521","0.2639293968677521","0.2639293968677521","0.17338933050632477","0.17338933050632477","0.17338933050632477"
"8000","0.1126202940940857","0.1126202940940857","0.1126202940940857","0.12645256519317627","0.12645256519317627","0.12645256519317627","0.10993324220180511","0.10993324220180511","0.10993324220180511","0.14258261024951935","0.14258261024951935","0.14258261024951935","0.17391251027584076","0.17391251027584076","0.17391251027584076","0.25891926884651184","0.25891926884651184","0.25891926884651184","0.29757943749427795","0.29757943749427795","0.29757943749427795","0.13232843577861786","0.13232843577861786","0.13232843577861786"
"9000","0.13022880256175995","0.13022880256175995","0.13022880256175995","0.1458021104335785","0.1458021104335785","0.1458021104335785","0.11284686625003815","0.11284686625003815","0.11284686625003815","0.14184217154979706","0.14184217154979706","0.14184217154979706","0.16599927842617035","0.16599927842617035","0.16599927842617035","0.3095991611480713","0.3095991611480713","0.3095991611480713","0.2132830023765564","0.2132830023765564","0.2132830023765564","0.1423938274383545","0.1423938274383545","0.1423938274383545"
"10000","0.11698407679796219","0.11698407679796219","0.11698407679796219","0.10393651574850082","0.10393651574850082","0.10393651574850082","0.1009727269411087","0.1009727269411087","0.1009727269411087","0.12556783854961395","0.12556783854961395","0.12556783854961395","0.15981726348400116","0.15981726348400116","0.15981726348400116","0.4131757318973541","0.4131757318973541","0.4131757318973541","0.27338525652885437","0.27338525652885437","0.27338525652885437","0.14711935818195343","0.14711935818195343","0.14711935818195343"
"11000","0.09928581118583679","0.09928581118583679","0.09928581118583679","0.1221175491809845","0.1221175491809845","0.1221175491809845","0.11015184968709946","0.11015184968709946","0.11015184968709946","0.12346556037664413","0.12346556037664413","0.12346556037664413","0.1321464478969574","0.1321464478969574","0.1321464478969574","0.19017663598060608","0.19017663598060608","0.19017663598060608","0.12048166990280151","0.12048166990280151","0.12048166990280151","0.12362921237945557","0.12362921237945557","0.12362921237945557"
"12000","0.10108828544616699","0.10108828544616699","0.10108828544616699","0.09140967577695847","0.09140967577695847","0.09140967577695847","0.09481287002563477","0.09481287002563477","0.09481287002563477","0.13187268376350403","0.13187268376350403","0.13187268376350403","0.1320912092924118","0.1320912092924118","0.1320912092924118","0.1587146371603012","0.1587146371603012","0.1587146371603012","0.12277286499738693","0.12277286499738693","0.12277286499738693","0.10468897968530655","0.10468897968530655","0.10468897968530655"
"13000","0.09394052624702454","0.09394052624702454","0.09394052624702454","0.12095262855291367","0.12095262855291367","0.12095262855291367","0.10354737937450409","0.10354737937450409","0.10354737937450409","0.10907100886106491","0.10907100886106491","0.10907100886106491","0.10558623820543289","0.10558623820543289","0.10558623820543289","0.29430297017097473","0.29430297017097473","0.29430297017097473","0.2670263946056366","0.2670263946056366","0.2670263946056366","0.11802299320697784","0.11802299320697784","0.11802299320697784"
"14000","0.09962834417819977","0.09962834417819977","0.09962834417819977","0.10883732885122299","0.10883732885122299","0.10883732885122299","0.10585891455411911","0.10585891455411911","0.10585891455411911","0.09946918487548828","0.09946918487548828","0.09946918487548828","0.10002081841230392","0.10002081841230392","0.10002081841230392","0.24962706863880157","0.24962706863880157","0.24962706863880157","0.2051110565662384","0.2051110565662384","0.2051110565662384","0.11271844059228897","0.11271844059228897","0.11271844059228897"
"15000","0.0874040424823761","0.0874040424823761","0.0874040424823761","0.0937163457274437","0.0937163457274437","0.0937163457274437","0.09320606291294098","0.09320606291294098","0.09320606291294098","0.10955733805894852","0.10955733805894852","0.10955733805894852","0.11139310896396637","0.11139310896396637","0.11139310896396637","0.28600287437438965","0.28600287437438965","0.28600287437438965","0.16681009531021118","0.16681009531021118","0.16681009531021118","0.09074412286281586","0.09074412286281586","0.09074412286281586"
"16000","0.08098789304494858","0.08098789304494858","0.08098789304494858","0.1112808957695961","0.1112808957695961","0.1112808957695961","0.08693481236696243","0.08693481236696243","0.08693481236696243","0.08137408643960953","0.08137408643960953","0.08137408643960953","0.11999168992042542","0.11999168992042542","0.11999168992042542","0.2689663767814636","0.2689663767814636","0.2689663767814636","0.16410918533802032","0.16410918533802032","0.16410918533802032","0.07786825299263","0.07786825299263","0.07786825299263"
"17000","0.08865267038345337","0.08865267038345337","0.08865267038345337","0.09011717885732651","0.09011717885732651","0.09011717885732651","0.08750037848949432","0.08750037848949432","0.08750037848949432","0.0961296483874321","0.0961296483874321","0.0961296483874321","0.11329762637615204","0.11329762637615204","0.11329762637615204","0.25801804661750793","0.25801804661750793","0.25801804661750793","0.22976848483085632","0.22976848483085632","0.22976848483085632","0.10137592256069183","0.10137592256069183","0.10137592256069183"
"18000","0.08365636318922043","0.08365636318922043","0.08365636318922043","0.09054789692163467","0.09054789692163467","0.09054789692163467","0.08283664286136627","0.08283664286136627","0.08283664286136627","0.11210212856531143","0.11210212856531143","0.11210212856531143","0.10203535109758377","0.10203535109758377","0.10203535109758377","0.1906321942806244","0.1906321942806244","0.1906321942806244","0.1340213418006897","0.1340213418006897","0.1340213418006897","0.16508561372756958","0.16508561372756958","0.16508561372756958"
"19000","0.0745721384882927","0.0745721384882927","0.0745721384882927","0.08741262555122375","0.08741262555122375","0.08741262555122375","0.09014715254306793","0.09014715254306793","0.09014715254306793","0.09414409846067429","0.09414409846067429","0.09414409846067429","0.1047649011015892","0.1047649011015892","0.1047649011015892","0.27836623787879944","0.27836623787879944","0.27836623787879944","0.2288026064634323","0.2288026064634323","0.2288026064634323","0.0938798263669014","0.0938798263669014","0.0938798263669014"
"20000","0.08436045795679092","0.08436045795679092","0.08436045795679092","0.08431326597929001","0.08431326597929001","0.08431326597929001","0.08011354506015778","0.08011354506015778","0.08011354506015778","0.09816252440214157","0.09816252440214157","0.09816252440214157","0.10140887647867203","0.10140887647867203","0.10140887647867203","0.08469027280807495","0.08469027280807495","0.08469027280807495","0.13827694952487946","0.13827694952487946","0.13827694952487946","0.11956338584423065","0.11956338584423065","0.11956338584423065"
"21000","0.07692382484674454","0.07692382484674454","0.07692382484674454","0.07267225533723831","0.07267225533723831","0.07267225533723831","0.0717247724533081","0.0717247724533081","0.0717247724533081","0.09241282939910889","0.09241282939910889","0.09241282939910889","0.09472966939210892","0.09472966939210892","0.09472966939210892","0.19318050146102905","0.19318050146102905","0.19318050146102905","0.1956186145544052","0.1956186145544052","0.1956186145544052","0.08540282398462296","0.08540282398462296","0.08540282398462296"
"22000","0.08021488785743713","0.08021488785743713","0.08021488785743713","0.08009457588195801","0.08009457588195801","0.08009457588195801","0.0767095610499382","0.0767095610499382","0.0767095610499382","0.09703635424375534","0.09703635424375534","0.09703635424375534","0.09820065647363663","0.09820065647363663","0.09820065647363663","0.20826716721057892","0.20826716721057892","0.20826716721057892","0.1386764496564865","0.1386764496564865","0.1386764496564865","0.07433073222637177","0.07433073222637177","0.07433073222637177"
"23000","0.0702330470085144","0.0702330470085144","0.0702330470085144","0.09076341986656189","0.09076341986656189","0.09076341986656189","0.07286851853132248","0.07286851853132248","0.07286851853132248","0.08844073116779327","0.08844073116779327","0.08844073116779327","0.09418996423482895","0.09418996423482895","0.09418996423482895","0.2611828148365021","0.2611828148365021","0.2611828148365021","0.12508469820022583","0.12508469820022583","0.12508469820022583","0.07826441526412964","0.07826441526412964","0.07826441526412964"
"24000","0.072337806224823","0.072337806224823","0.072337806224823","0.0849016010761261","0.0849016010761261","0.0849016010761261","0.06764159351587296","0.06764159351587296","0.06764159351587296","0.08007167279720306","0.08007167279720306","0.08007167279720306","0.07495981454849243","0.07495981454849243","0.07495981454849243","0.12467177212238312","0.12467177212238312","0.12467177212238312","0.17508536577224731","0.17508536577224731","0.17508536577224731","0.10041017085313797","0.10041017085313797","0.10041017085313797"
"25000","0.07226249575614929","0.07226249575614929","0.07226249575614929","0.07390966266393661","0.07390966266393661","0.07390966266393661","0.0703117623925209","0.0703117623925209","0.0703117623925209","0.09325312823057175","0.09325312823057175","0.09325312823057175","0.08482704311609268","0.08482704311609268","0.08482704311609268","0.11241862922906876","0.11241862922906876","0.11241862922906876","0.20793314278125763","0.20793314278125763","0.20793314278125763","0.08244916051626205","0.08244916051626205","0.08244916051626205"
"26000","0.07821469008922577","0.07821469008922577","0.07821469008922577","0.0712321475148201","0.0712321475148201","0.0712321475148201","0.06821536272764206","0.06821536272764206","0.06821536272764206","0.07720779627561569","0.07720779627561569","0.07720779627561569","0.08560984581708908","0.08560984581708908","0.08560984581708908","0.2557946741580963","0.2557946741580963","0.2557946741580963","0.14146655797958374","0.14146655797958374","0.14146655797958374","0.07674342393875122","0.07674342393875122","0.07674342393875122"
"27000","0.06011991575360298","0.06011991575360298","0.06011991575360298","0.07053182274103165","0.07053182274103165","0.07053182274103165","0.05956840142607689","0.05956840142607689","0.05956840142607689","0.06842812150716782","0.06842812150716782","0.06842812150716782","0.08513631671667099","0.08513631671667099","0.08513631671667099","0.1996164470911026","0.1996164470911026","0.1996164470911026","0.1224779412150383","0.1224779412150383","0.1224779412150383","0.07742059975862503","0.07742059975862503","0.07742059975862503"
"28000","0.06617087870836258","0.06617087870836258","0.06617087870836258","0.07486239075660706","0.07486239075660706","0.07486239075660706","0.06531284004449844","0.06531284004449844","0.06531284004449844","0.08688013255596161","0.08688013255596161","0.08688013255596161","0.08353821933269501","0.08353821933269501","0.08353821933269501","0.3024887144565582","0.3024887144565582","0.3024887144565582","0.11827532947063446","0.11827532947063446","0.11827532947063446","0.08317838609218597","0.08317838609218597","0.08317838609218597"
"29000","0.06408815830945969","0.06408815830945969","0.06408815830945969","0.06942655146121979","0.06942655146121979","0.06942655146121979","0.06660428643226624","0.06660428643226624","0.06660428643226624","0.0701015293598175","0.0701015293598175","0.0701015293598175","0.09646777808666229","0.09646777808666229","0.09646777808666229","0.15506777167320251","0.15506777167320251","0.15506777167320251","0.1450919508934021","0.1450919508934021","0.1450919508934021","0.06374359130859375","0.06374359130859375","0.06374359130859375"
"30000","0.06484968960285187","0.06484968960285187","0.06484968960285187","0.08091285824775696","0.08091285824775696","0.08091285824775696","0.06324303150177002","0.06324303150177002","0.06324303150177002","0.0745728388428688","0.0745728388428688","0.0745728388428688","0.08087572455406189","0.08087572455406189","0.08087572455406189","0.25711503624916077","0.25711503624916077","0.25711503624916077","0.1533018797636032","0.1533018797636032","0.1533018797636032","0.06409681588411331","0.06409681588411331","0.06409681588411331"
"31000","0.07158432900905609","0.07158432900905609","0.07158432900905609","0.07935290038585663","0.07935290038585663","0.07935290038585663","0.06257061660289764","0.06257061660289764","0.06257061660289764","0.06130305677652359","0.06130305677652359","0.06130305677652359","0.0951908677816391","0.0951908677816391","0.0951908677816391","0.24378889799118042","0.24378889799118042","0.24378889799118042","0.12296290695667267","0.12296290695667267","0.12296290695667267","0.06996170431375504","0.06996170431375504","0.06996170431375504"
"32000","0.06243781000375748","0.06243781000375748","0.06243781000375748","0.07734835147857666","0.07734835147857666","0.07734835147857666","0.05753229558467865","0.05753229558467865","0.05753229558467865","0.08248059451580048","0.08248059451580048","0.08248059451580048","0.08127829432487488","0.08127829432487488","0.08127829432487488","0.3959614634513855","0.3959614634513855","0.3959614634513855","0.1185179352760315","0.1185179352760315","0.1185179352760315","0.0653274729847908","0.0653274729847908","0.0653274729847908"
"33000","0.051946304738521576","0.051946304738521576","0.051946304738521576","0.0684100091457367","0.0684100091457367","0.0684100091457367","0.06283997744321823","0.06283997744321823","0.06283997744321823","0.06570950150489807","0.06570950150489807","0.06570950150489807","0.08473073691129684","0.08473073691129684","0.08473073691129684","0.20442529022693634","0.20442529022693634","0.20442529022693634","0.13391008973121643","0.13391008973121643","0.13391008973121643","0.091768279671669","0.091768279671669","0.091768279671669"
"34000","0.06381282955408096","0.06381282955408096","0.06381282955408096","0.07166276127099991","0.07166276127099991","0.07166276127099991","0.05866729095578194","0.05866729095578194","0.05866729095578194","0.06968775391578674","0.06968775391578674","0.06968775391578674","0.06769625097513199","0.06769625097513199","0.06769625097513199","0.20524443686008453","0.20524443686008453","0.20524443686008453","0.12973585724830627","0.12973585724830627","0.12973585724830627","0.07786867022514343","0.07786867022514343","0.07786867022514343"
"35000","0.060370467603206635","0.060370467603206635","0.060370467603206635","0.0761319175362587","0.0761319175362587","0.0761319175362587","0.05353777855634689","0.05353777855634689","0.05353777855634689","0.06530363857746124","0.06530363857746124","0.06530363857746124","0.08118398487567902","0.08118398487567902","0.08118398487567902","0.1742851883172989","0.1742851883172989","0.1742851883172989","0.11981499195098877","0.11981499195098877","0.11981499195098877","0.0658116489648819","0.0658116489648819","0.0658116489648819"
"36000","0.06018753722310066","0.06018753722310066","0.06018753722310066","0.0675521194934845","0.0675521194934845","0.0675521194934845","0.05560149997472763","0.05560149997472763","0.05560149997472763","0.07075800746679306","0.07075800746679306","0.07075800746679306","0.08541347831487656","0.08541347831487656","0.08541347831487656","0.2617878317832947","0.2617878317832947","0.2617878317832947","0.10852950066328049","0.10852950066328049","0.10852950066328049","0.06956100463867188","0.06956100463867188","0.06956100463867188"
"37000","0.05851846933364868","0.05851846933364868","0.05851846933364868","0.0613064244389534","0.0613064244389534","0.0613064244389534","0.056706447154283524","0.056706447154283524","0.056706447154283524","0.05995313078165054","0.05995313078165054","0.05995313078165054","0.07250166684389114","0.07250166684389114","0.07250166684389114","0.18275362253189087","0.18275362253189087","0.18275362253189087","0.10831200331449509","0.10831200331449509","0.10831200331449509","0.06479101628065109","0.06479101628065109","0.06479101628065109"
"38000","0.05396607518196106","0.05396607518196106","0.05396607518196106","0.06026981770992279","0.06026981770992279","0.06026981770992279","0.056679949164390564","0.056679949164390564","0.056679949164390564","0.07760082930326462","0.07760082930326462","0.07760082930326462","0.07277926057577133","0.07277926057577133","0.07277926057577133","0.26569920778274536","0.26569920778274536","0.26569920778274536","0.08911299705505371","0.08911299705505371","0.08911299705505371","0.06649889796972275","0.06649889796972275","0.06649889796972275"
"39000","0.05888241156935692","0.05888241156935692","0.05888241156935692","0.06708032637834549","0.06708032637834549","0.06708032637834549","0.06569093465805054","0.06569093465805054","0.06569093465805054","0.07703734934329987","0.07703734934329987","0.07703734934329987","0.07092698663473129","0.07092698663473129","0.07092698663473129","0.23618891835212708","0.23618891835212708","0.23618891835212708","0.10811378061771393","0.10811378061771393","0.10811378061771393","0.08014476299285889","0.08014476299285889","0.08014476299285889"
"40000","0.059178661555051804","0.059178661555051804","0.059178661555051804","0.05964094400405884","0.05964094400405884","0.05964094400405884","0.05999668315052986","0.05999668315052986","0.05999668315052986","0.07047297060489655","0.07047297060489655","0.07047297060489655","0.07819408923387527","0.07819408923387527","0.07819408923387527","0.1924942433834076","0.1924942433834076","0.1924942433834076","0.10706686973571777","0.10706686973571777","0.10706686973571777","0.08928102999925613","0.08928102999925613","0.08928102999925613"
"41000","0.05149570479989052","0.05149570479989052","0.05149570479989052","0.05501468852162361","0.05501468852162361","0.05501468852162361","0.06135782226920128","0.06135782226920128","0.06135782226920128","0.07072184979915619","0.07072184979915619","0.07072184979915619","0.07047739624977112","0.07047739624977112","0.07047739624977112","0.2569791376590729","0.2569791376590729","0.2569791376590729","0.09833579510450363","0.09833579510450363","0.09833579510450363","0.08070698380470276","0.08070698380470276","0.08070698380470276"
"42000","0.05444436892867088","0.05444436892867088","0.05444436892867088","0.05999920517206192","0.05999920517206192","0.05999920517206192","0.05071103200316429","0.05071103200316429","0.05071103200316429","0.0646558403968811","0.0646558403968811","0.0646558403968811","0.08267251402139664","0.08267251402139664","0.08267251402139664","0.2246638387441635","0.2246638387441635","0.2246638387441635","0.1250738650560379","0.1250738650560379","0.1250738650560379","0.06308425217866898","0.06308425217866898","0.06308425217866898"
"43000","0.06486910581588745","0.06486910581588745","0.06486910581588745","0.050594788044691086","0.050594788044691086","0.050594788044691086","0.0548914298415184","0.0548914298415184","0.0548914298415184","0.05363794043660164","0.05363794043660164","0.05363794043660164","0.06971778720617294","0.06971778720617294","0.06971778720617294","0.13782942295074463","0.13782942295074463","0.13782942295074463","0.10950581729412079","0.10950581729412079","0.10950581729412079","0.08111096173524857","0.08111096173524857","0.08111096173524857"
"44000","0.052704643458127975","0.052704643458127975","0.052704643458127975","0.05762641504406929","0.05762641504406929","0.05762641504406929","0.05821160227060318","0.05821160227060318","0.05821160227060318","0.06514347344636917","0.06514347344636917","0.06514347344636917","0.05734144523739815","0.05734144523739815","0.05734144523739815","0.14537161588668823","0.14537161588668823","0.14537161588668823","0.09726972132921219","0.09726972132921219","0.09726972132921219","0.06470023095607758","0.06470023095607758","0.06470023095607758"
"45000","0.05659620463848114","0.05659620463848114","0.05659620463848114","0.05986015871167183","0.05986015871167183","0.05986015871167183","0.05185617506504059","0.05185617506504059","0.05185617506504059","0.06353485584259033","0.06353485584259033","0.06353485584259033","0.06553719937801361","0.06553719937801361","0.06553719937801361","0.14994114637374878","0.14994114637374878","0.14994114637374878","0.10140712559223175","0.10140712559223175","0.10140712559223175","0.06358572095632553","0.06358572095632553","0.06358572095632553"
"46000","0.051548365503549576","0.051548365503549576","0.051548365503549576","0.05350099503993988","0.05350099503993988","0.05350099503993988","0.05252770707011223","0.05252770707011223","0.05252770707011223","0.06641092896461487","0.06641092896461487","0.06641092896461487","0.06669913977384567","0.06669913977384567","0.06669913977384567","0.15675441920757294","0.15675441920757294","0.15675441920757294","0.10921663045883179","0.10921663045883179","0.10921663045883179","0.06072365120053291","0.06072365120053291","0.06072365120053291"
"47000","0.05004943162202835","0.05004943162202835","0.05004943162202835","0.06100013479590416","0.06100013479590416","0.06100013479590416","0.06816250830888748","0.06816250830888748","0.06816250830888748","0.06697110831737518","0.06697110831737518","0.06697110831737518","0.059173665940761566","0.059173665940761566","0.059173665940761566","0.15621480345726013","0.15621480345726013","0.15621480345726013","0.10953327268362045","0.10953327268362045","0.10953327268362045","0.06462526321411133","0.06462526321411133","0.06462526321411133"
"48000","0.05603611469268799","0.05603611469268799","0.05603611469268799","0.05911357328295708","0.05911357328295708","0.05911357328295708","0.04788973554968834","0.04788973554968834","0.04788973554968834","0.06442511081695557","0.06442511081695557","0.06442511081695557","0.06492716073989868","0.06492716073989868","0.06492716073989868","0.201307475566864","0.201307475566864","0.201307475566864","0.07451077550649643","0.07451077550649643","0.07451077550649643","0.073036789894104","0.073036789894104","0.073036789894104"
"49000","0.04919036850333214","0.04919036850333214","0.04919036850333214","0.053675420582294464","0.053675420582294464","0.053675420582294464","0.051092393696308136","0.051092393696308136","0.051092393696308136","0.06598895788192749","0.06598895788192749","0.06598895788192749","0.05623047053813934","0.05623047053813934","0.05623047053813934","0.17201100289821625","0.17201100289821625","0.17201100289821625","0.09352783858776093","0.09352783858776093","0.09352783858776093","0.0615636371076107","0.0615636371076107","0.0615636371076107"
"50000","0.0436701737344265","0.0436701737344265","0.0436701737344265","0.06801919639110565","0.06801919639110565","0.06801919639110565","0.056615475565195084","0.056615475565195084","0.056615475565195084","0.057874709367752075","0.057874709367752075","0.057874709367752075","0.06758615374565125","0.06758615374565125","0.06758615374565125","0.20545515418052673","0.20545515418052673","0.20545515418052673","0.12697279453277588","0.12697279453277588","0.12697279453277588","0.06962522119283676","0.06962522119283676","0.06962522119283676"
"51000","0.056304674595594406","0.056304674595594406","0.056304674595594406","0.05546160414814949","0.05546160414814949","0.05546160414814949","0.0523502416908741","0.0523502416908741","0.0523502416908741","0.06342330574989319","0.06342330574989319","0.06342330574989319","0.06723044812679291","0.06723044812679291","0.06723044812679291","0.19359295070171356","0.19359295070171356","0.19359295070171356","0.09612616896629333","0.09612616896629333","0.09612616896629333","0.055139943957328796","0.055139943957328796","0.055139943957328796"
"52000","0.0515102781355381","0.0515102781355381","0.0515102781355381","0.05643846094608307","0.05643846094608307","0.05643846094608307","0.05143657326698303","0.05143657326698303","0.05143657326698303","0.05342113599181175","0.05342113599181175","0.05342113599181175","0.06287287920713425","0.06287287920713425","0.06287287920713425","0.11417795717716217","0.11417795717716217","0.11417795717716217","0.11042378842830658","0.11042378842830658","0.11042378842830658","0.08666541427373886","0.08666541427373886","0.08666541427373886"
"53000","0.05018386244773865","0.05018386244773865","0.05018386244773865","0.05026619881391525","0.05026619881391525","0.05026619881391525","0.050117652863264084","0.050117652863264084","0.050117652863264084","0.05526024475693703","0.05526024475693703","0.05526024475693703","0.07092981785535812","0.07092981785535812","0.07092981785535812","0.12509199976921082","0.12509199976921082","0.12509199976921082","0.08574796468019485","0.08574796468019485","0.08574796468019485","0.053434811532497406","0.053434811532497406","0.053434811532497406"
"54000","0.04977133870124817","0.04977133870124817","0.04977133870124817","0.05448169261217117","0.05448169261217117","0.05448169261217117","0.04942813143134117","0.04942813143134117","0.04942813143134117","0.05936213210225105","0.05936213210225105","0.05936213210225105","0.07103271782398224","0.07103271782398224","0.07103271782398224","0.1947021484375","0.1947021484375","0.1947021484375","0.12089721858501434","0.12089721858501434","0.12089721858501434","0.05459621921181679","0.05459621921181679","0.05459621921181679"
"55000","0.05692785233259201","0.05692785233259201","0.05692785233259201","0.054747749119997025","0.054747749119997025","0.054747749119997025","0.04825439676642418","0.04825439676642418","0.04825439676642418","0.05833213031291962","0.05833213031291962","0.05833213031291962","0.0634721964597702","0.0634721964597702","0.0634721964597702","0.19352097809314728","0.19352097809314728","0.19352097809314728","0.10032403469085693","0.10032403469085693","0.10032403469085693","0.06970468163490295","0.06970468163490295","0.06970468163490295"
"56000","0.052362874150276184","0.052362874150276184","0.052362874150276184","0.04975391551852226","0.04975391551852226","0.04975391551852226","0.05039694160223007","0.05039694160223007","0.05039694160223007","0.054401010274887085","0.054401010274887085","0.054401010274887085","0.06862914562225342","0.06862914562225342","0.06862914562225342","0.1445116102695465","0.1445116102695465","0.1445116102695465","0.10248056054115295","0.10248056054115295","0.10248056054115295","0.05447668954730034","0.05447668954730034","0.05447668954730034"
"57000","0.04576291888952255","0.04576291888952255","0.04576291888952255","0.052285514771938324","0.052285514771938324","0.052285514771938324","0.0499764122068882","0.0499764122068882","0.0499764122068882","0.06577093154191971","0.06577093154191971","0.06577093154191971","0.06692273914813995","0.06692273914813995","0.06692273914813995","0.12127771228551865","0.12127771228551865","0.12127771228551865","0.10550539195537567","0.10550539195537567","0.10550539195537567","0.0609511099755764","0.0609511099755764","0.0609511099755764"
"58000","0.05122227221727371","0.05122227221727371","0.05122227221727371","0.059206850826740265","0.059206850826740265","0.059206850826740265","0.051247067749500275","0.051247067749500275","0.051247067749500275","0.057354193180799484","0.057354193180799484","0.057354193180799484","0.06141132488846779","0.06141132488846779","0.06141132488846779","0.20637160539627075","0.20637160539627075","0.20637160539627075","0.10616238415241241","0.10616238415241241","0.10616238415241241","0.058973588049411774","0.058973588049411774","0.058973588049411774"
"59000","0.04870052635669708","0.04870052635669708","0.04870052635669708","0.06355958431959152","0.06355958431959152","0.06355958431959152","0.04721135273575783","0.04721135273575783","0.04721135273575783","0.06205703690648079","0.06205703690648079","0.06205703690648079","0.056157276034355164","0.056157276034355164","0.056157276034355164","0.1437702625989914","0.1437702625989914","0.1437702625989914","0.09410249441862106","0.09410249441862106","0.09410249441862106","0.06245958432555199","0.06245958432555199","0.06245958432555199"
"60000","0.047493595629930496","0.047493595629930496","0.047493595629930496","0.05344654619693756","0.05344654619693756","0.05344654619693756","0.041295476257801056","0.041295476257801056","0.041295476257801056","0.05931925028562546","0.05931925028562546","0.05931925028562546","0.06146625056862831","0.06146625056862831","0.06146625056862831","0.143341526389122","0.143341526389122","0.143341526389122","0.09426351636648178","0.09426351636648178","0.09426351636648178","0.05776885151863098","0.05776885151863098","0.05776885151863098"
"61000","0.04419524595141411","0.04419524595141411","0.04419524595141411","0.05312462896108627","0.05312462896108627","0.05312462896108627","0.04511352255940437","0.04511352255940437","0.04511352255940437","0.06202000007033348","0.06202000007033348","0.06202000007033348","0.06301580369472504","0.06301580369472504","0.06301580369472504","0.19215254485607147","0.19215254485607147","0.19215254485607147","0.12406601756811142","0.12406601756811142","0.12406601756811142","0.06580626219511032","0.06580626219511032","0.06580626219511032"
"62000","0.04901010915637016","0.04901010915637016","0.04901010915637016","0.04685249552130699","0.04685249552130699","0.04685249552130699","0.04561769589781761","0.04561769589781761","0.04561769589781761","0.05835194140672684","0.05835194140672684","0.05835194140672684","0.053813353180885315","0.053813353180885315","0.053813353180885315","0.12469524890184402","0.12469524890184402","0.12469524890184402","0.09824226051568985","0.09824226051568985","0.09824226051568985","0.05210712552070618","0.05210712552070618","0.05210712552070618"
"63000","0.05062616989016533","0.05062616989016533","0.05062616989016533","0.049999695271253586","0.049999695271253586","0.049999695271253586","0.043391626328229904","0.043391626328229904","0.043391626328229904","0.05475052073597908","0.05475052073597908","0.05475052073597908","0.059504952281713486","0.059504952281713486","0.059504952281713486","0.14861445128917694","0.14861445128917694","0.14861445128917694","0.08812356740236282","0.08812356740236282","0.08812356740236282","0.060930993407964706","0.060930993407964706","0.060930993407964706"
"64000","0.04978415369987488","0.04978415369987488","0.04978415369987488","0.050695572048425674","0.050695572048425674","0.050695572048425674","0.04714040830731392","0.04714040830731392","0.04714040830731392","0.05376029387116432","0.05376029387116432","0.05376029387116432","0.05238399654626846","0.05238399654626846","0.05238399654626846","0.21488057076931","0.21488057076931","0.21488057076931","0.1085764691233635","0.1085764691233635","0.1085764691233635","0.05074850842356682","0.05074850842356682","0.05074850842356682"
"65000","0.04076177254319191","0.04076177254319191","0.04076177254319191","0.0499354749917984","0.0499354749917984","0.0499354749917984","0.04629233106970787","0.04629233106970787","0.04629233106970787","0.04854844510555267","0.04854844510555267","0.04854844510555267","0.07187430560588837","0.07187430560588837","0.07187430560588837","0.12081736326217651","0.12081736326217651","0.12081736326217651","0.10424996167421341","0.10424996167421341","0.10424996167421341","0.06019406020641327","0.06019406020641327","0.06019406020641327"
"66000","0.049019839614629745","0.049019839614629745","0.049019839614629745","0.0468941256403923","0.0468941256403923","0.0468941256403923","","","","0.04856265336275101","0.04856265336275101","0.04856265336275101","0.050380460917949677","0.050380460917949677","0.050380460917949677","0.09795525670051575","0.09795525670051575","0.09795525670051575","0.09380877763032913","0.09380877763032913","0.09380877763032913","0.05938706174492836","0.05938706174492836","0.05938706174492836"
"67000","0.04622134193778038","0.04622134193778038","0.04622134193778038","0.04591761901974678","0.04591761901974678","0.04591761901974678","","","","0.04921454191207886","0.04921454191207886","0.04921454191207886","0.05439663678407669","0.05439663678407669","0.05439663678407669","0.1339195817708969","0.1339195817708969","0.1339195817708969","0.09497246891260147","0.09497246891260147","0.09497246891260147","0.05857562646269798","0.05857562646269798","0.05857562646269798"
"68000","0.04509406536817551","0.04509406536817551","0.04509406536817551","0.050330258905887604","0.050330258905887604","0.050330258905887604","","","","0.04574361443519592","0.04574361443519592","0.04574361443519592","0.06191922351717949","0.06191922351717949","0.06191922351717949","0.1728973239660263","0.1728973239660263","0.1728973239660263","0.1066664382815361","0.1066664382815361","0.1066664382815361","0.055322010070085526","0.055322010070085526","0.055322010070085526"
"69000","0.04869016259908676","0.04869016259908676","0.04869016259908676","0.04632309079170227","0.04632309079170227","0.04632309079170227","","","","0.05705343931913376","0.05705343931913376","0.05705343931913376","0.047531869262456894","0.047531869262456894","0.047531869262456894","0.12569597363471985","0.12569597363471985","0.12569597363471985","0.08164206892251968","0.08164206892251968","0.08164206892251968","0.049533553421497345","0.049533553421497345","0.049533553421497345"
"70000","0.04150116816163063","0.04150116816163063","0.04150116816163063","0.051887147128582","0.051887147128582","0.051887147128582","","","","0.05338659882545471","0.05338659882545471","0.05338659882545471","0.059435173869132996","0.059435173869132996","0.059435173869132996","0.10398712754249573","0.10398712754249573","0.10398712754249573","0.09939597547054291","0.09939597547054291","0.09939597547054291","0.053833968937397","0.053833968937397","0.053833968937397"
"71000","0.04182529076933861","0.04182529076933861","0.04182529076933861","0.04815998673439026","0.04815998673439026","0.04815998673439026","","","","0.05327630415558815","0.05327630415558815","0.05327630415558815","0.06523735821247101","0.06523735821247101","0.06523735821247101","0.1658042073249817","0.1658042073249817","0.1658042073249817","0.08277267217636108","0.08277267217636108","0.08277267217636108","0.062079813331365585","0.062079813331365585","0.062079813331365585"
"72000","0.045684777200222015","0.045684777200222015","0.045684777200222015","0.0469711609184742","0.0469711609184742","0.0469711609184742","","","","0.056543730199337006","0.056543730199337006","0.056543730199337006","0.06087377294898033","0.06087377294898033","0.06087377294898033","0.10981435328722","0.10981435328722","0.10981435328722","0.08090540766716003","0.08090540766716003","0.08090540766716003","0.05916577950119972","0.05916577950119972","0.05916577950119972"
"73000","0.042263370007276535","0.042263370007276535","0.042263370007276535","0.04780388996005058","0.04780388996005058","0.04780388996005058","","","","0.07097703963518143","0.07097703963518143","0.07097703963518143","0.05605146661400795","0.05605146661400795","0.05605146661400795","0.09105204045772552","0.09105204045772552","0.09105204045772552","0.09686791896820068","0.09686791896820068","0.09686791896820068","0.05727388709783554","0.05727388709783554","0.05727388709783554"
"74000","0.04680949077010155","0.04680949077010155","0.04680949077010155","0.043626971542835236","0.043626971542835236","0.043626971542835236","","","","0.050070084631443024","0.050070084631443024","0.050070084631443024","0.062205493450164795","0.062205493450164795","0.062205493450164795","0.17530150711536407","0.17530150711536407","0.17530150711536407","0.08316352963447571","0.08316352963447571","0.08316352963447571","0.04841246083378792","0.04841246083378792","0.04841246083378792"
"75000","0.04865284264087677","0.04865284264087677","0.04865284264087677","0.05719808489084244","0.05719808489084244","0.05719808489084244","","","","0.04920794442296028","0.04920794442296028","0.04920794442296028","0.04801694303750992","0.04801694303750992","0.04801694303750992","0.16716088354587555","0.16716088354587555","0.16716088354587555","0.12270845472812653","0.12270845472812653","0.12270845472812653","0.04701802507042885","0.04701802507042885","0.04701802507042885"
"76000","0.044973842799663544","0.044973842799663544","0.044973842799663544","0.04442102462053299","0.04442102462053299","0.04442102462053299","","","","0.05093596875667572","0.05093596875667572","0.05093596875667572","0.060102369636297226","0.060102369636297226","0.060102369636297226","0.12832866609096527","0.12832866609096527","0.12832866609096527","0.0714401826262474","0.0714401826262474","0.0714401826262474","0.04520544409751892","0.04520544409751892","0.04520544409751892"
"77000","0.04748322814702988","0.04748322814702988","0.04748322814702988","0.049008723348379135","0.049008723348379135","0.049008723348379135","","","","0.04462853819131851","0.04462853819131851","0.04462853819131851","0.05376477167010307","0.05376477167010307","0.05376477167010307","0.1288030594587326","0.1288030594587326","0.1288030594587326","0.12958890199661255","0.12958890199661255","0.12958890199661255","0.050890471786260605","0.050890471786260605","0.050890471786260605"
"78000","0.04486013576388359","0.04486013576388359","0.04486013576388359","0.042265865951776505","0.042265865951776505","0.042265865951776505","","","","0.04945981875061989","0.04945981875061989","0.04945981875061989","0.048294950276613235","0.048294950276613235","0.048294950276613235","0.09806083887815475","0.09806083887815475","0.09806083887815475","0.0997583419084549","0.0997583419084549","0.0997583419084549","0.04933864623308182","0.04933864623308182","0.04933864623308182"
"79000","0.041978366672992706","0.041978366672992706","0.041978366672992706","0.04751681163907051","0.04751681163907051","0.04751681163907051","","","","0.05352308601140976","0.05352308601140976","0.05352308601140976","0.059387899935245514","0.059387899935245514","0.059387899935245514","0.1038239523768425","0.1038239523768425","0.1038239523768425","0.09006817638874054","0.09006817638874054","0.09006817638874054","0.05234319344162941","0.05234319344162941","0.05234319344162941"
"80000","0.039588261395692825","0.039588261395692825","0.039588261395692825","0.04760553687810898","0.04760553687810898","0.04760553687810898","","","","0.04841283708810806","0.04841283708810806","0.04841283708810806","0.058291930705308914","0.058291930705308914","0.058291930705308914","0.10094107687473297","0.10094107687473297","0.10094107687473297","0.09089383482933044","0.09089383482933044","0.09089383482933044","0.053522709757089615","0.053522709757089615","0.053522709757089615"
"81000","","","","","","","","","","","","","","","","","","","","","","0.05018869787454605","0.05018869787454605","0.05018869787454605"
"82000","","","","","","","","","","","","","","","","","","","","","","0.05275711789727211","0.05275711789727211","0.05275711789727211"
"83000","","","","","","","","","","","","","","","","","","","","","","0.0563325360417366","0.0563325360417366","0.0563325360417366"
"84000","","","","","","","","","","","","","","","","","","","","","","0.047180384397506714","0.047180384397506714","0.047180384397506714"
"85000","","","","","","","","","","","","","","","","","","","","","","0.054911863058805466","0.054911863058805466","0.054911863058805466"
"86000","","","","","","","","","","","","","","","","","","","","","","0.046630214899778366","0.046630214899778366","0.046630214899778366"
"87000","","","","","","","","","","","","","","","","","","","","","","0.042726218700408936","0.042726218700408936","0.042726218700408936"
"88000","","","","","","","","","","","","","","","","","","","","","","0.05096227303147316","0.05096227303147316","0.05096227303147316"
"89000","","","","","","","","","","","","","","","","","","","","","","0.04311757907271385","0.04311757907271385","0.04311757907271385"
"90000","","","","","","","","","","","","","","","","","","","","","","0.052652642130851746","0.052652642130851746","0.052652642130851746"
"91000","","","","","","","","","","","","","","","","","","","","","","0.053465016186237335","0.053465016186237335","0.053465016186237335"
"92000","","","","","","","","","","","","","","","","","","","","","","0.04621697962284088","0.04621697962284088","0.04621697962284088"
"93000","","","","","","","","","","","","","","","","","","","","","","0.0494501069188118","0.0494501069188118","0.0494501069188118"
"94000","","","","","","","","","","","","","","","","","","","","","","0.04574177786707878","0.04574177786707878","0.04574177786707878"
"95000","","","","","","","","","","","","","","","","","","","","","","0.04573866352438927","0.04573866352438927","0.04573866352438927"
"96000","","","","","","","","","","","","","","","","","","","","","","0.057751890271902084","0.057751890271902084","0.057751890271902084"
"97000","","","","","","","","","","","","","","","","","","","","","","0.04432835057377815","0.04432835057377815","0.04432835057377815"
"98000","","","","","","","","","","","","","","","","","","","","","","0.04724542796611786","0.04724542796611786","0.04724542796611786"
"99000","","","","","","","","","","","","","","","","","","","","","","0.0447380468249321","0.0447380468249321","0.0447380468249321"
"100000","","","","","","","","","","","","","","","","","","","","","","0.048837702721357346","0.048837702721357346","0.048837702721357346"